P_MPa,T_C,solubility_pct,viscosity_mm2s
0.1,-60,100.0,0.3472
0.15,-60,100.0,0.3472
0.2,-60,100.0,0.3472
0.25,-60,100.0,0.3472
0.3,-60,100.0,0.3472
0.35,-60,100.0,0.3472
0.4,-60,100.0,0.3472
0.45,-60,100.0,0.3472
0.5,-60,100.0,0.3472
0.55,-60,100.0,0.3472
0.6,-60,100.0,0.3472
0.65,-60,100.0,0.3472
0.7,-60,100.0,0.3472
0.75,-60,100.0,0.3472
0.8,-60,100.0,0.3472
0.85,-60,100.0,0.3472
0.9,-60,100.0,0.3472
0.95,-60,100.0,0.3472
1.0,-60,100.0,0.3472
1.05,-60,100.0,0.3472
1.1,-60,100.0,0.3472
1.15,-60,100.0,0.3472
1.2,-60,100.0,0.3472
1.25,-60,100.0,0.3472
1.3,-60,100.0,0.3472
1.35,-60,100.0,0.3472
1.4,-60,100.0,0.3472
1.45,-60,100.0,0.3472
1.5,-60,100.0,0.3472
1.55,-60,100.0,0.3472
1.6,-60,100.0,0.3472
1.65,-60,100.0,0.3472
1.7,-60,100.0,0.3472
1.75,-60,100.0,0.3472
1.8,-60,100.0,0.3472
1.85,-60,100.0,0.3472
1.9,-60,100.0,0.3472
1.95,-60,100.0,0.3472
2.0,-60,100.0,0.3472
2.05,-60,100.0,0.3472
2.1,-60,100.0,0.3472
2.15,-60,100.0,0.3472
2.2,-60,100.0,0.3472
2.25,-60,100.0,0.3472
2.3,-60,100.0,0.3472
2.35,-60,100.0,0.3472
2.4,-60,100.0,0.3472
2.45,-60,100.0,0.3472
2.5,-60,100.0,0.3472
2.55,-60,100.0,0.3472
2.6,-60,100.0,0.3472
2.65,-60,100.0,0.3472
2.7,-60,100.0,0.3472
2.75,-60,100.0,0.3472
2.8,-60,100.0,0.3472
2.85,-60,100.0,0.3472
2.9,-60,100.0,0.3472
2.95,-60,100.0,0.3472
3.0,-60,100.0,0.3472
3.05,-60,100.0,0.3472
3.1,-60,100.0,0.3472
3.15,-60,100.0,0.3472
3.2,-60,100.0,0.3472
3.25,-60,100.0,0.3472
3.3,-60,100.0,0.3472
3.35,-60,100.0,0.3472
3.4,-60,100.0,0.3472
3.45,-60,100.0,0.3472
3.5,-60,100.0,0.3472
3.55,-60,100.0,0.3472
3.6,-60,100.0,0.3472
3.65,-60,100.0,0.3472
3.7,-60,100.0,0.3472
3.75,-60,100.0,0.3472
3.8,-60,100.0,0.3472
3.85,-60,100.0,0.3472
3.9,-60,100.0,0.3472
3.95,-60,100.0,0.3472
4.0,-60,100.0,0.3472
0.1,-55,100.0,0.3472
0.15,-55,100.0,0.3472
0.2,-55,100.0,0.3472
0.25,-55,100.0,0.3472
0.3,-55,100.0,0.3472
0.35,-55,100.0,0.3472
0.4,-55,100.0,0.3472
0.45,-55,100.0,0.3472
0.5,-55,100.0,0.3472
0.55,-55,100.0,0.3472
0.6,-55,100.0,0.3472
0.65,-55,100.0,0.3472
0.7,-55,100.0,0.3472
0.75,-55,100.0,0.3472
0.8,-55,100.0,0.3472
0.85,-55,100.0,0.3472
0.9,-55,100.0,0.3472
0.95,-55,100.0,0.3472
1.0,-55,100.0,0.3472
1.05,-55,100.0,0.3472
1.1,-55,100.0,0.3472
1.15,-55,100.0,0.3472
1.2,-55,100.0,0.3472
1.25,-55,100.0,0.3472
1.3,-55,100.0,0.3472
1.35,-55,100.0,0.3472
1.4,-55,100.0,0.3472
1.45,-55,100.0,0.3472
1.5,-55,100.0,0.3472
1.55,-55,100.0,0.3472
1.6,-55,100.0,0.3472
1.65,-55,100.0,0.3472
1.7,-55,100.0,0.3472
1.75,-55,100.0,0.3472
1.8,-55,100.0,0.3472
1.85,-55,100.0,0.3472
1.9,-55,100.0,0.3472
1.95,-55,100.0,0.3472
2.0,-55,100.0,0.3472
2.05,-55,100.0,0.3472
2.1,-55,100.0,0.3472
2.15,-55,100.0,0.3472
2.2,-55,100.0,0.3472
2.25,-55,100.0,0.3472
2.3,-55,100.0,0.3472
2.35,-55,100.0,0.3472
2.4,-55,100.0,0.3472
2.45,-55,100.0,0.3472
2.5,-55,100.0,0.3472
2.55,-55,100.0,0.3472
2.6,-55,100.0,0.3472
2.65,-55,100.0,0.3472
2.7,-55,100.0,0.3472
2.75,-55,100.0,0.3472
2.8,-55,100.0,0.3472
2.85,-55,100.0,0.3472
2.9,-55,100.0,0.3472
2.95,-55,100.0,0.3472
3.0,-55,100.0,0.3472
3.05,-55,100.0,0.3472
3.1,-55,100.0,0.3472
3.15,-55,100.0,0.3472
3.2,-55,100.0,0.3472
3.25,-55,100.0,0.3472
3.3,-55,100.0,0.3472
3.35,-55,100.0,0.3472
3.4,-55,100.0,0.3472
3.45,-55,100.0,0.3472
3.5,-55,100.0,0.3472
3.55,-55,100.0,0.3472
3.6,-55,100.0,0.3472
3.65,-55,100.0,0.3472
3.7,-55,100.0,0.3472
3.75,-55,100.0,0.3472
3.8,-55,100.0,0.3472
3.85,-55,100.0,0.3472
3.9,-55,100.0,0.3472
3.95,-55,100.0,0.3472
4.0,-55,100.0,0.3472
0.1,-50,100.0,0.3472
0.15,-50,100.0,0.3472
0.2,-50,100.0,0.3472
0.25,-50,100.0,0.3472
0.3,-50,100.0,0.3472
0.35,-50,100.0,0.3472
0.4,-50,100.0,0.3472
0.45,-50,100.0,0.3472
0.5,-50,100.0,0.3472
0.55,-50,100.0,0.3472
0.6,-50,100.0,0.3472
0.65,-50,100.0,0.3472
0.7,-50,100.0,0.3472
0.75,-50,100.0,0.3472
0.8,-50,100.0,0.3472
0.85,-50,100.0,0.3472
0.9,-50,100.0,0.3472
0.95,-50,100.0,0.3472
1.0,-50,100.0,0.3472
1.05,-50,100.0,0.3472
1.1,-50,100.0,0.3472
1.15,-50,100.0,0.3472
1.2,-50,100.0,0.3472
1.25,-50,100.0,0.3472
1.3,-50,100.0,0.3472
1.35,-50,100.0,0.3472
1.4,-50,100.0,0.3472
1.45,-50,100.0,0.3472
1.5,-50,100.0,0.3472
1.55,-50,100.0,0.3472
1.6,-50,100.0,0.3472
1.65,-50,100.0,0.3472
1.7,-50,100.0,0.3472
1.75,-50,100.0,0.3472
1.8,-50,100.0,0.3472
1.85,-50,100.0,0.3472
1.9,-50,100.0,0.3472
1.95,-50,100.0,0.3472
2.0,-50,100.0,0.3472
2.05,-50,100.0,0.3472
2.1,-50,100.0,0.3472
2.15,-50,100.0,0.3472
2.2,-50,100.0,0.3472
2.25,-50,100.0,0.3472
2.3,-50,100.0,0.3472
2.35,-50,100.0,0.3472
2.4,-50,100.0,0.3472
2.45,-50,100.0,0.3472
2.5,-50,100.0,0.3472
2.55,-50,100.0,0.3472
2.6,-50,100.0,0.3472
2.65,-50,100.0,0.3472
2.7,-50,100.0,0.3472
2.75,-50,100.0,0.3472
2.8,-50,100.0,0.3472
2.85,-50,100.0,0.3472
2.9,-50,100.0,0.3472
2.95,-50,100.0,0.3472
3.0,-50,100.0,0.3472
3.05,-50,100.0,0.3472
3.1,-50,100.0,0.3472
3.15,-50,100.0,0.3472
3.2,-50,100.0,0.3472
3.25,-50,100.0,0.3472
3.3,-50,100.0,0.3472
3.35,-50,100.0,0.3472
3.4,-50,100.0,0.3472
3.45,-50,100.0,0.3472
3.5,-50,100.0,0.3472
3.55,-50,100.0,0.3472
3.6,-50,100.0,0.3472
3.65,-50,100.0,0.3472
3.7,-50,100.0,0.3472
3.75,-50,100.0,0.3472
3.8,-50,100.0,0.3472
3.85,-50,100.0,0.3472
3.9,-50,100.0,0.3472
3.95,-50,100.0,0.3472
4.0,-50,100.0,0.3472
0.1,-45,100.0,0.3472
0.15,-45,100.0,0.3472
0.2,-45,100.0,0.3472
0.25,-45,100.0,0.3472
0.3,-45,100.0,0.3472
0.35,-45,100.0,0.3472
0.4,-45,100.0,0.3472
0.45,-45,100.0,0.3472
0.5,-45,100.0,0.3472
0.55,-45,100.0,0.3472
0.6,-45,100.0,0.3472
0.65,-45,100.0,0.3472
0.7,-45,100.0,0.3472
0.75,-45,100.0,0.3472
0.8,-45,100.0,0.3472
0.85,-45,100.0,0.3472
0.9,-45,100.0,0.3472
0.95,-45,100.0,0.3472
1.0,-45,100.0,0.3472
1.05,-45,100.0,0.3472
1.1,-45,100.0,0.3472
1.15,-45,100.0,0.3472
1.2,-45,100.0,0.3472
1.25,-45,100.0,0.3472
1.3,-45,100.0,0.3472
1.35,-45,100.0,0.3472
1.4,-45,100.0,0.3472
1.45,-45,100.0,0.3472
1.5,-45,100.0,0.3472
1.55,-45,100.0,0.3472
1.6,-45,100.0,0.3472
1.65,-45,100.0,0.3472
1.7,-45,100.0,0.3472
1.75,-45,100.0,0.3472
1.8,-45,100.0,0.3472
1.85,-45,100.0,0.3472
1.9,-45,100.0,0.3472
1.95,-45,100.0,0.3472
2.0,-45,100.0,0.3472
2.05,-45,100.0,0.3472
2.1,-45,100.0,0.3472
2.15,-45,100.0,0.3472
2.2,-45,100.0,0.3472
2.25,-45,100.0,0.3472
2.3,-45,100.0,0.3472
2.35,-45,100.0,0.3472
2.4,-45,100.0,0.3472
2.45,-45,100.0,0.3472
2.5,-45,100.0,0.3472
2.55,-45,100.0,0.3472
2.6,-45,100.0,0.3472
2.65,-45,100.0,0.3472
2.7,-45,100.0,0.3472
2.75,-45,100.0,0.3472
2.8,-45,100.0,0.3472
2.85,-45,100.0,0.3472
2.9,-45,100.0,0.3472
2.95,-45,100.0,0.3472
3.0,-45,100.0,0.3472
3.05,-45,100.0,0.3472
3.1,-45,100.0,0.3472
3.15,-45,100.0,0.3472
3.2,-45,100.0,0.3472
3.25,-45,100.0,0.3472
3.3,-45,100.0,0.3472
3.35,-45,100.0,0.3472
3.4,-45,100.0,0.3472
3.45,-45,100.0,0.3472
3.5,-45,100.0,0.3472
3.55,-45,100.0,0.3472
3.6,-45,100.0,0.3472
3.65,-45,100.0,0.3472
3.7,-45,100.0,0.3472
3.75,-45,100.0,0.3472
3.8,-45,100.0,0.3472
3.85,-45,100.0,0.3472
3.9,-45,100.0,0.3472
3.95,-45,100.0,0.3472
4.0,-45,100.0,0.3472
0.1,-40,38.93,11.7392
0.15,-40,38.93,11.7392
0.2,-40,38.93,11.7392
0.25,-40,38.93,11.7392
0.3,-40,38.93,11.7392
0.35,-40,38.93,11.7392
0.4,-40,38.93,11.7392
0.45,-40,38.93,11.7392
0.5,-40,38.93,11.7392
0.55,-40,38.93,11.7392
0.6,-40,38.93,11.7392
0.65,-40,38.93,11.7392
0.7,-40,38.93,11.7392
0.75,-40,38.93,11.7392
0.8,-40,38.93,11.7392
0.85,-40,38.93,11.7392
0.9,-40,38.93,11.7392
0.95,-40,38.93,11.7392
1.0,-40,38.93,11.7392
1.05,-40,38.93,11.7392
1.1,-40,38.93,11.7392
1.15,-40,38.93,11.7392
1.2,-40,38.93,11.7392
1.25,-40,38.93,11.7392
1.3,-40,38.93,11.7392
1.35,-40,38.93,11.7392
1.4,-40,38.93,11.7392
1.45,-40,38.93,11.7392
1.5,-40,38.93,11.7392
1.55,-40,38.93,11.7392
1.6,-40,38.93,11.7392
1.65,-40,38.93,11.7392
1.7,-40,38.93,11.7392
1.75,-40,38.93,11.7392
1.8,-40,38.93,11.7392
1.85,-40,38.93,11.7392
1.9,-40,38.93,11.7392
1.95,-40,38.93,11.7392
2.0,-40,38.93,11.7392
2.05,-40,38.93,11.7392
2.1,-40,38.93,11.7392
2.15,-40,38.93,11.7392
2.2,-40,38.93,11.7392
2.25,-40,38.93,11.7392
2.3,-40,38.93,11.7392
2.35,-40,38.93,11.7392
2.4,-40,38.93,11.7392
2.45,-40,38.93,11.7392
2.5,-40,38.93,11.7392
2.55,-40,38.93,11.7392
2.6,-40,38.93,11.7392
2.65,-40,38.93,11.7392
2.7,-40,38.93,11.7392
2.75,-40,38.93,11.7392
2.8,-40,38.93,11.7392
2.85,-40,38.93,11.7392
2.9,-40,38.93,11.7392
2.95,-40,38.93,11.7392
3.0,-40,38.93,11.7392
3.05,-40,38.93,11.7392
3.1,-40,38.93,11.7392
3.15,-40,38.93,11.7392
3.2,-40,38.93,11.7392
3.25,-40,38.93,11.7392
3.3,-40,38.93,11.7392
3.35,-40,38.93,11.7392
3.4,-40,38.93,11.7392
3.45,-40,38.93,11.7392
3.5,-40,38.93,11.7392
3.55,-40,38.93,11.7392
3.6,-40,38.93,11.7392
3.65,-40,38.93,11.7392
3.7,-40,38.93,11.7392
3.75,-40,38.93,11.7392
3.8,-40,38.93,11.7392
3.85,-40,38.93,11.7392
3.9,-40,38.93,11.7392
3.95,-40,38.93,11.7392
4.0,-40,38.93,11.7392
0.1,-35,26.662,55.4537
0.15,-35,26.662,55.4537
0.2,-35,26.662,55.4537
0.25,-35,26.662,55.4537
0.3,-35,26.662,55.4537
0.35,-35,26.662,55.4537
0.4,-35,26.662,55.4537
0.45,-35,26.662,55.4537
0.5,-35,26.662,55.4537
0.55,-35,26.662,55.4537
0.6,-35,26.662,55.4537
0.65,-35,26.662,55.4537
0.7,-35,26.662,55.4537
0.75,-35,26.662,55.4537
0.8,-35,26.662,55.4537
0.85,-35,26.662,55.4537
0.9,-35,26.662,55.4537
0.95,-35,26.662,55.4537
1.0,-35,26.662,55.4537
1.05,-35,26.662,55.4537
1.1,-35,26.662,55.4537
1.15,-35,26.662,55.4537
1.2,-35,26.662,55.4537
1.25,-35,26.662,55.4537
1.3,-35,26.662,55.4537
1.35,-35,26.662,55.4537
1.4,-35,26.662,55.4537
1.45,-35,26.662,55.4537
1.5,-35,26.662,55.4537
1.55,-35,26.662,55.4537
1.6,-35,26.662,55.4537
1.65,-35,26.662,55.4537
1.7,-35,26.662,55.4537
1.75,-35,26.662,55.4537
1.8,-35,26.662,55.4537
1.85,-35,26.662,55.4537
1.9,-35,26.662,55.4537
1.95,-35,26.662,55.4537
2.0,-35,26.662,55.4537
2.05,-35,26.662,55.4537
2.1,-35,26.662,55.4537
2.15,-35,26.662,55.4537
2.2,-35,26.662,55.4537
2.25,-35,26.662,55.4537
2.3,-35,26.662,55.4537
2.35,-35,26.662,55.4537
2.4,-35,26.662,55.4537
2.45,-35,26.662,55.4537
2.5,-35,26.662,55.4537
2.55,-35,26.662,55.4537
2.6,-35,26.662,55.4537
2.65,-35,26.662,55.4537
2.7,-35,26.662,55.4537
2.75,-35,26.662,55.4537
2.8,-35,26.662,55.4537
2.85,-35,26.662,55.4537
2.9,-35,26.662,55.4537
2.95,-35,26.662,55.4537
3.0,-35,26.662,55.4537
3.05,-35,26.662,55.4537
3.1,-35,26.662,55.4537
3.15,-35,26.662,55.4537
3.2,-35,26.662,55.4537
3.25,-35,26.662,55.4537
3.3,-35,26.662,55.4537
3.35,-35,26.662,55.4537
3.4,-35,26.662,55.4537
3.45,-35,26.662,55.4537
3.5,-35,26.662,55.4537
3.55,-35,26.662,55.4537
3.6,-35,26.662,55.4537
3.65,-35,26.662,55.4537
3.7,-35,26.662,55.4537
3.75,-35,26.662,55.4537
3.8,-35,26.662,55.4537
3.85,-35,26.662,55.4537
3.9,-35,26.662,55.4537
3.95,-35,26.662,55.4537
4.0,-35,26.662,55.4537
0.1,-30,21.583,107.4366
0.15,-30,33.363,16.5663
0.2,-30,33.363,16.5663
0.25,-30,33.363,16.5663
0.3,-30,33.363,16.5663
0.35,-30,33.363,16.5663
0.4,-30,33.363,16.5663
0.45,-30,33.363,16.5663
0.5,-30,33.363,16.5663
0.55,-30,33.363,16.5663
0.6,-30,33.363,16.5663
0.65,-30,33.363,16.5663
0.7,-30,33.363,16.5663
0.75,-30,33.363,16.5663
0.8,-30,33.363,16.5663
0.85,-30,33.363,16.5663
0.9,-30,33.363,16.5663
0.95,-30,33.363,16.5663
1.0,-30,33.363,16.5663
1.05,-30,33.363,16.5663
1.1,-30,33.363,16.5663
1.15,-30,33.363,16.5663
1.2,-30,33.363,16.5663
1.25,-30,33.363,16.5663
1.3,-30,33.363,16.5663
1.35,-30,33.363,16.5663
1.4,-30,33.363,16.5663
1.45,-30,33.363,16.5663
1.5,-30,33.363,16.5663
1.55,-30,33.363,16.5663
1.6,-30,33.363,16.5663
1.65,-30,33.363,16.5663
1.7,-30,33.363,16.5663
1.75,-30,33.363,16.5663
1.8,-30,33.363,16.5663
1.85,-30,33.363,16.5663
1.9,-30,33.363,16.5663
1.95,-30,33.363,16.5663
2.0,-30,33.363,16.5663
2.05,-30,33.363,16.5663
2.1,-30,33.363,16.5663
2.15,-30,33.363,16.5663
2.2,-30,33.363,16.5663
2.25,-30,33.363,16.5663
2.3,-30,33.363,16.5663
2.35,-30,33.363,16.5663
2.4,-30,33.363,16.5663
2.45,-30,33.363,16.5663
2.5,-30,33.363,16.5663
2.55,-30,33.363,16.5663
2.6,-30,33.363,16.5663
2.65,-30,33.363,16.5663
2.7,-30,33.363,16.5663
2.75,-30,33.363,16.5663
2.8,-30,33.363,16.5663
2.85,-30,33.363,16.5663
2.9,-30,33.363,16.5663
2.95,-30,33.363,16.5663
3.0,-30,33.363,16.5663
3.05,-30,33.363,16.5663
3.1,-30,33.363,16.5663
3.15,-30,33.363,16.5663
3.2,-30,33.363,16.5663
3.25,-30,33.363,16.5663
3.3,-30,33.363,16.5663
3.35,-30,33.363,16.5663
3.4,-30,33.363,16.5663
3.45,-30,33.363,16.5663
3.5,-30,33.363,16.5663
3.55,-30,33.363,16.5663
3.6,-30,33.363,16.5663
3.65,-30,33.363,16.5663
3.7,-30,33.363,16.5663
3.75,-30,33.363,16.5663
3.8,-30,33.363,16.5663
3.85,-30,33.363,16.5663
3.9,-30,33.363,16.5663
3.95,-30,33.363,16.5663
4.0,-30,33.363,16.5663
0.1,-25,18.34,157.6793
0.15,-25,24.838,45.2561
0.2,-25,24.838,45.2561
0.25,-25,24.838,45.2561
0.3,-25,24.838,45.2561
0.35,-25,24.838,45.2561
0.4,-25,24.838,45.2561
0.45,-25,24.838,45.2561
0.5,-25,24.838,45.2561
0.55,-25,24.838,45.2561
0.6,-25,24.838,45.2561
0.65,-25,24.838,45.2561
0.7,-25,24.838,45.2561
0.75,-25,24.838,45.2561
0.8,-25,24.838,45.2561
0.85,-25,24.838,45.2561
0.9,-25,24.838,45.2561
0.95,-25,24.838,45.2561
1.0,-25,24.838,45.2561
1.05,-25,24.838,45.2561
1.1,-25,24.838,45.2561
1.15,-25,24.838,45.2561
1.2,-25,24.838,45.2561
1.25,-25,24.838,45.2561
1.3,-25,24.838,45.2561
1.35,-25,24.838,45.2561
1.4,-25,24.838,45.2561
1.45,-25,24.838,45.2561
1.5,-25,24.838,45.2561
1.55,-25,24.838,45.2561
1.6,-25,24.838,45.2561
1.65,-25,24.838,45.2561
1.7,-25,24.838,45.2561
1.75,-25,24.838,45.2561
1.8,-25,24.838,45.2561
1.85,-25,24.838,45.2561
1.9,-25,24.838,45.2561
1.95,-25,24.838,45.2561
2.0,-25,24.838,45.2561
2.05,-25,24.838,45.2561
2.1,-25,24.838,45.2561
2.15,-25,24.838,45.2561
2.2,-25,24.838,45.2561
2.25,-25,24.838,45.2561
2.3,-25,24.838,45.2561
2.35,-25,24.838,45.2561
2.4,-25,24.838,45.2561
2.45,-25,24.838,45.2561
2.5,-25,24.838,45.2561
2.55,-25,24.838,45.2561
2.6,-25,24.838,45.2561
2.65,-25,24.838,45.2561
2.7,-25,24.838,45.2561
2.75,-25,24.838,45.2561
2.8,-25,24.838,45.2561
2.85,-25,24.838,45.2561
2.9,-25,24.838,45.2561
2.95,-25,24.838,45.2561
3.0,-25,24.838,45.2561
3.05,-25,24.838,45.2561
3.1,-25,24.838,45.2561
3.15,-25,24.838,45.2561
3.2,-25,24.838,45.2561
3.25,-25,24.838,45.2561
3.3,-25,24.838,45.2561
3.35,-25,24.838,45.2561
3.4,-25,24.838,45.2561
3.45,-25,24.838,45.2561
3.5,-25,24.838,45.2561
3.55,-25,24.838,45.2561
3.6,-25,24.838,45.2561
3.65,-25,24.838,45.2561
3.7,-25,24.838,45.2561
3.75,-25,24.838,45.2561
3.8,-25,24.838,45.2561
3.85,-25,24.838,45.2561
3.9,-25,24.838,45.2561
3.95,-25,24.838,45.2561
4.0,-25,24.838,45.2561
0.1,-20,15.934,189.8956
0.15,-20,20.436,74.2852
0.2,-20,30.564,16.3892
0.25,-20,30.564,16.3892
0.3,-20,30.564,16.3892
0.35,-20,30.564,16.3892
0.4,-20,30.564,16.3892
0.45,-20,30.564,16.3892
0.5,-20,30.564,16.3892
0.55,-20,30.564,16.3892
0.6,-20,30.564,16.3892
0.65,-20,30.564,16.3892
0.7,-20,30.564,16.3892
0.75,-20,30.564,16.3892
0.8,-20,30.564,16.3892
0.85,-20,30.564,16.3892
0.9,-20,30.564,16.3892
0.95,-20,30.564,16.3892
1.0,-20,30.564,16.3892
1.05,-20,30.564,16.3892
1.1,-20,30.564,16.3892
1.15,-20,30.564,16.3892
1.2,-20,30.564,16.3892
1.25,-20,30.564,16.3892
1.3,-20,30.564,16.3892
1.35,-20,30.564,16.3892
1.4,-20,30.564,16.3892
1.45,-20,30.564,16.3892
1.5,-20,30.564,16.3892
1.55,-20,30.564,16.3892
1.6,-20,30.564,16.3892
1.65,-20,30.564,16.3892
1.7,-20,30.564,16.3892
1.75,-20,30.564,16.3892
1.8,-20,30.564,16.3892
1.85,-20,30.564,16.3892
1.9,-20,30.564,16.3892
1.95,-20,30.564,16.3892
2.0,-20,30.564,16.3892
2.05,-20,30.564,16.3892
2.1,-20,30.564,16.3892
2.15,-20,30.564,16.3892
2.2,-20,30.564,16.3892
2.25,-20,30.564,16.3892
2.3,-20,30.564,16.3892
2.35,-20,30.564,16.3892
2.4,-20,30.564,16.3892
2.45,-20,30.564,16.3892
2.5,-20,30.564,16.3892
2.55,-20,30.564,16.3892
2.6,-20,30.564,16.3892
2.65,-20,30.564,16.3892
2.7,-20,30.564,16.3892
2.75,-20,30.564,16.3892
2.8,-20,30.564,16.3892
2.85,-20,30.564,16.3892
2.9,-20,30.564,16.3892
2.95,-20,30.564,16.3892
3.0,-20,30.564,16.3892
3.05,-20,30.564,16.3892
3.1,-20,30.564,16.3892
3.15,-20,30.564,16.3892
3.2,-20,30.564,16.3892
3.25,-20,30.564,16.3892
3.3,-20,30.564,16.3892
3.35,-20,30.564,16.3892
3.4,-20,30.564,16.3892
3.45,-20,30.564,16.3892
3.5,-20,30.564,16.3892
3.55,-20,30.564,16.3892
3.6,-20,30.564,16.3892
3.65,-20,30.564,16.3892
3.7,-20,30.564,16.3892
3.75,-20,30.564,16.3892
3.8,-20,30.564,16.3892
3.85,-20,30.564,16.3892
3.9,-20,30.564,16.3892
3.95,-20,30.564,16.3892
4.0,-20,30.564,16.3892
0.1,-15,13.999,203.9267
0.15,-15,17.436,97.4062
0.2,-15,23.587,34.4158
0.25,-15,47.749,2.9094
0.3,-15,47.749,2.9094
0.35,-15,47.749,2.9094
0.4,-15,47.749,2.9094
0.45,-15,47.749,2.9094
0.5,-15,47.749,2.9094
0.55,-15,47.749,2.9094
0.6,-15,47.749,2.9094
0.65,-15,47.749,2.9094
0.7,-15,47.749,2.9094
0.75,-15,47.749,2.9094
0.8,-15,47.749,2.9094
0.85,-15,47.749,2.9094
0.9,-15,47.749,2.9094
0.95,-15,47.749,2.9094
1.0,-15,47.749,2.9094
1.05,-15,47.749,2.9094
1.1,-15,47.749,2.9094
1.15,-15,47.749,2.9094
1.2,-15,47.749,2.9094
1.25,-15,47.749,2.9094
1.3,-15,47.749,2.9094
1.35,-15,47.749,2.9094
1.4,-15,47.749,2.9094
1.45,-15,47.749,2.9094
1.5,-15,47.749,2.9094
1.55,-15,47.749,2.9094
1.6,-15,47.749,2.9094
1.65,-15,47.749,2.9094
1.7,-15,47.749,2.9094
1.75,-15,47.749,2.9094
1.8,-15,47.749,2.9094
1.85,-15,47.749,2.9094
1.9,-15,47.749,2.9094
1.95,-15,47.749,2.9094
2.0,-15,47.749,2.9094
2.05,-15,47.749,2.9094
2.1,-15,47.749,2.9094
2.15,-15,47.749,2.9094
2.2,-15,47.749,2.9094
2.25,-15,47.749,2.9094
2.3,-15,47.749,2.9094
2.35,-15,47.749,2.9094
2.4,-15,47.749,2.9094
2.45,-15,47.749,2.9094
2.5,-15,47.749,2.9094
2.55,-15,47.749,2.9094
2.6,-15,47.749,2.9094
2.65,-15,47.749,2.9094
2.7,-15,47.749,2.9094
2.75,-15,47.749,2.9094
2.8,-15,47.749,2.9094
2.85,-15,47.749,2.9094
2.9,-15,47.749,2.9094
2.95,-15,47.749,2.9094
3.0,-15,47.749,2.9094
3.05,-15,47.749,2.9094
3.1,-15,47.749,2.9094
3.15,-15,47.749,2.9094
3.2,-15,47.749,2.9094
3.25,-15,47.749,2.9094
3.3,-15,47.749,2.9094
3.35,-15,47.749,2.9094
3.4,-15,47.749,2.9094
3.45,-15,47.749,2.9094
3.5,-15,47.749,2.9094
3.55,-15,47.749,2.9094
3.6,-15,47.749,2.9094
3.65,-15,47.749,2.9094
3.7,-15,47.749,2.9094
3.75,-15,47.749,2.9094
3.8,-15,47.749,2.9094
3.85,-15,47.749,2.9094
3.9,-15,47.749,2.9094
3.95,-15,47.749,2.9094
4.0,-15,47.749,2.9094
0.1,-10,12.359,203.4415
0.15,-10,15.136,110.5943
0.2,-10,19.563,50.594
0.25,-10,28.96,14.0007
0.3,-10,30.593,11.5385
0.35,-10,30.593,11.5385
0.4,-10,30.593,11.5385
0.45,-10,30.593,11.5385
0.5,-10,30.593,11.5385
0.55,-10,30.593,11.5385
0.6,-10,30.593,11.5385
0.65,-10,30.593,11.5385
0.7,-10,30.593,11.5385
0.75,-10,30.593,11.5385
0.8,-10,30.593,11.5385
0.85,-10,30.593,11.5385
0.9,-10,30.593,11.5385
0.95,-10,30.593,11.5385
1.0,-10,30.593,11.5385
1.05,-10,30.593,11.5385
1.1,-10,30.593,11.5385
1.15,-10,30.593,11.5385
1.2,-10,30.593,11.5385
1.25,-10,30.593,11.5385
1.3,-10,30.593,11.5385
1.35,-10,30.593,11.5385
1.4,-10,30.593,11.5385
1.45,-10,30.593,11.5385
1.5,-10,30.593,11.5385
1.55,-10,30.593,11.5385
1.6,-10,30.593,11.5385
1.65,-10,30.593,11.5385
1.7,-10,30.593,11.5385
1.75,-10,30.593,11.5385
1.8,-10,30.593,11.5385
1.85,-10,30.593,11.5385
1.9,-10,30.593,11.5385
1.95,-10,30.593,11.5385
2.0,-10,30.593,11.5385
2.05,-10,30.593,11.5385
2.1,-10,30.593,11.5385
2.15,-10,30.593,11.5385
2.2,-10,30.593,11.5385
2.25,-10,30.593,11.5385
2.3,-10,30.593,11.5385
2.35,-10,30.593,11.5385
2.4,-10,30.593,11.5385
2.45,-10,30.593,11.5385
2.5,-10,30.593,11.5385
2.55,-10,30.593,11.5385
2.6,-10,30.593,11.5385
2.65,-10,30.593,11.5385
2.7,-10,30.593,11.5385
2.75,-10,30.593,11.5385
2.8,-10,30.593,11.5385
2.85,-10,30.593,11.5385
2.9,-10,30.593,11.5385
2.95,-10,30.593,11.5385
3.0,-10,30.593,11.5385
3.05,-10,30.593,11.5385
3.1,-10,30.593,11.5385
3.15,-10,30.593,11.5385
3.2,-10,30.593,11.5385
3.25,-10,30.593,11.5385
3.3,-10,30.593,11.5385
3.35,-10,30.593,11.5385
3.4,-10,30.593,11.5385
3.45,-10,30.593,11.5385
3.5,-10,30.593,11.5385
3.55,-10,30.593,11.5385
3.6,-10,30.593,11.5385
3.65,-10,30.593,11.5385
3.7,-10,30.593,11.5385
3.75,-10,30.593,11.5385
3.8,-10,30.593,11.5385
3.85,-10,30.593,11.5385
3.9,-10,30.593,11.5385
3.95,-10,30.593,11.5385
4.0,-10,30.593,11.5385
0.1,-5,10.916,193.0238
0.15,-5,13.246,117.0376
0.2,-5,16.704,62.6735
0.25,-5,22.741,25.4088
0.3,-5,23.533,22.8822
0.35,-5,30.917,9.5078
0.4,-5,30.917,9.5078
0.45,-5,30.917,9.5078
0.5,-5,30.917,9.5078
0.55,-5,30.917,9.5078
0.6,-5,30.917,9.5078
0.65,-5,30.917,9.5078
0.7,-5,30.917,9.5078
0.75,-5,30.917,9.5078
0.8,-5,30.917,9.5078
0.85,-5,30.917,9.5078
0.9,-5,30.917,9.5078
0.95,-5,30.917,9.5078
1.0,-5,30.917,9.5078
1.05,-5,30.917,9.5078
1.1,-5,30.917,9.5078
1.15,-5,30.917,9.5078
1.2,-5,30.917,9.5078
1.25,-5,30.917,9.5078
1.3,-5,30.917,9.5078
1.35,-5,30.917,9.5078
1.4,-5,30.917,9.5078
1.45,-5,30.917,9.5078
1.5,-5,30.917,9.5078
1.55,-5,30.917,9.5078
1.6,-5,30.917,9.5078
1.65,-5,30.917,9.5078
1.7,-5,30.917,9.5078
1.75,-5,30.917,9.5078
1.8,-5,30.917,9.5078
1.85,-5,30.917,9.5078
1.9,-5,30.917,9.5078
1.95,-5,30.917,9.5078
2.0,-5,30.917,9.5078
2.05,-5,30.917,9.5078
2.1,-5,30.917,9.5078
2.15,-5,30.917,9.5078
2.2,-5,30.917,9.5078
2.25,-5,30.917,9.5078
2.3,-5,30.917,9.5078
2.35,-5,30.917,9.5078
2.4,-5,30.917,9.5078
2.45,-5,30.917,9.5078
2.5,-5,30.917,9.5078
2.55,-5,30.917,9.5078
2.6,-5,30.917,9.5078
2.65,-5,30.917,9.5078
2.7,-5,30.917,9.5078
2.75,-5,30.917,9.5078
2.8,-5,30.917,9.5078
2.85,-5,30.917,9.5078
2.9,-5,30.917,9.5078
2.95,-5,30.917,9.5078
3.0,-5,30.917,9.5078
3.05,-5,30.917,9.5078
3.1,-5,30.917,9.5078
3.15,-5,30.917,9.5078
3.2,-5,30.917,9.5078
3.25,-5,30.917,9.5078
3.3,-5,30.917,9.5078
3.35,-5,30.917,9.5078
3.4,-5,30.917,9.5078
3.45,-5,30.917,9.5078
3.5,-5,30.917,9.5078
3.55,-5,30.917,9.5078
3.6,-5,30.917,9.5078
3.65,-5,30.917,9.5078
3.7,-5,30.917,9.5078
3.75,-5,30.917,9.5078
3.8,-5,30.917,9.5078
3.85,-5,30.917,9.5078
3.9,-5,30.917,9.5078
3.95,-5,30.917,9.5078
4.0,-5,30.917,9.5078
0.1,0,9.611,176.759
0.15,0,11.62,116.196
0.2,0,14.459,69.9632
0.25,0,18.919,34.8853
0.3,0,19.411,32.5067
0.35,0,23.659,18.6525
0.4,0,31.475,7.9143
0.45,0,50.012,1.9632
0.5,0,50.012,1.9632
0.55,0,50.012,1.9632
0.6,0,50.012,1.9632
0.65,0,50.012,1.9632
0.7,0,50.012,1.9632
0.75,0,50.012,1.9632
0.8,0,50.012,1.9632
0.85,0,50.012,1.9632
0.9,0,50.012,1.9632
0.95,0,50.012,1.9632
1.0,0,50.012,1.9632
1.05,0,50.012,1.9632
1.1,0,50.012,1.9632
1.15,0,50.012,1.9632
1.2,0,50.012,1.9632
1.25,0,50.012,1.9632
1.3,0,50.012,1.9632
1.35,0,50.012,1.9632
1.4,0,50.012,1.9632
1.45,0,50.012,1.9632
1.5,0,50.012,1.9632
1.55,0,50.012,1.9632
1.6,0,50.012,1.9632
1.65,0,50.012,1.9632
1.7,0,50.012,1.9632
1.75,0,50.012,1.9632
1.8,0,50.012,1.9632
1.85,0,50.012,1.9632
1.9,0,50.012,1.9632
1.95,0,50.012,1.9632
2.0,0,50.012,1.9632
2.05,0,50.012,1.9632
2.1,0,50.012,1.9632
2.15,0,50.012,1.9632
2.2,0,50.012,1.9632
2.25,0,50.012,1.9632
2.3,0,50.012,1.9632
2.35,0,50.012,1.9632
2.4,0,50.012,1.9632
2.45,0,50.012,1.9632
2.5,0,50.012,1.9632
2.55,0,50.012,1.9632
2.6,0,50.012,1.9632
2.65,0,50.012,1.9632
2.7,0,50.012,1.9632
2.75,0,50.012,1.9632
2.8,0,50.012,1.9632
2.85,0,50.012,1.9632
2.9,0,50.012,1.9632
2.95,0,50.012,1.9632
3.0,0,50.012,1.9632
3.05,0,50.012,1.9632
3.1,0,50.012,1.9632
3.15,0,50.012,1.9632
3.2,0,50.012,1.9632
3.25,0,50.012,1.9632
3.3,0,50.012,1.9632
3.35,0,50.012,1.9632
3.4,0,50.012,1.9632
3.45,0,50.012,1.9632
3.5,0,50.012,1.9632
3.55,0,50.012,1.9632
3.6,0,50.012,1.9632
3.65,0,50.012,1.9632
3.7,0,50.012,1.9632
3.75,0,50.012,1.9632
3.8,0,50.012,1.9632
3.85,0,50.012,1.9632
3.9,0,50.012,1.9632
3.95,0,50.012,1.9632
4.0,0,50.012,1.9632
0.1,5,8.401,157.7576
0.15,5,10.172,110.3576
0.2,5,12.584,72.8983
0.25,5,16.127,41.7036
0.3,5,16.464,39.6346
0.35,5,19.436,26.3053
0.4,5,23.9,15.1699
0.45,5,28.34,9.2761
0.5,5,36.315,4.6822
0.55,5,36.315,4.6822
0.6,5,36.315,4.6822
0.65,5,36.315,4.6822
0.7,5,36.315,4.6822
0.75,5,36.315,4.6822
0.8,5,36.315,4.6822
0.85,5,36.315,4.6822
0.9,5,36.315,4.6822
0.95,5,36.315,4.6822
1.0,5,36.315,4.6822
1.05,5,36.315,4.6822
1.1,5,36.315,4.6822
1.15,5,36.315,4.6822
1.2,5,36.315,4.6822
1.25,5,36.315,4.6822
1.3,5,36.315,4.6822
1.35,5,36.315,4.6822
1.4,5,36.315,4.6822
1.45,5,36.315,4.6822
1.5,5,36.315,4.6822
1.55,5,36.315,4.6822
1.6,5,36.315,4.6822
1.65,5,36.315,4.6822
1.7,5,36.315,4.6822
1.75,5,36.315,4.6822
1.8,5,36.315,4.6822
1.85,5,36.315,4.6822
1.9,5,36.315,4.6822
1.95,5,36.315,4.6822
2.0,5,36.315,4.6822
2.05,5,36.315,4.6822
2.1,5,36.315,4.6822
2.15,5,36.315,4.6822
2.2,5,36.315,4.6822
2.25,5,36.315,4.6822
2.3,5,36.315,4.6822
2.35,5,36.315,4.6822
2.4,5,36.315,4.6822
2.45,5,36.315,4.6822
2.5,5,36.315,4.6822
2.55,5,36.315,4.6822
2.6,5,36.315,4.6822
2.65,5,36.315,4.6822
2.7,5,36.315,4.6822
2.75,5,36.315,4.6822
2.8,5,36.315,4.6822
2.85,5,36.315,4.6822
2.9,5,36.315,4.6822
2.95,5,36.315,4.6822
3.0,5,36.315,4.6822
3.05,5,36.315,4.6822
3.1,5,36.315,4.6822
3.15,5,36.315,4.6822
3.2,5,36.315,4.6822
3.25,5,36.315,4.6822
3.3,5,36.315,4.6822
3.35,5,36.315,4.6822
3.4,5,36.315,4.6822
3.45,5,36.315,4.6822
3.5,5,36.315,4.6822
3.55,5,36.315,4.6822
3.6,5,36.315,4.6822
3.65,5,36.315,4.6822
3.7,5,36.315,4.6822
3.75,5,36.315,4.6822
3.8,5,36.315,4.6822
3.85,5,36.315,4.6822
3.9,5,36.315,4.6822
3.95,5,36.315,4.6822
4.0,5,36.315,4.6822
0.1,10,7.26,138.1502
0.15,10,8.849,101.5156
0.2,10,10.952,72.4303
0.25,10,13.897,45.7805
0.3,10,14.14,44.0892
0.35,10,16.42,31.9693
0.4,10,19.537,21.3805
0.45,10,22.231,15.5068
0.5,10,25.967,10.1622
0.55,10,31.924,5.9868
0.6,10,47.426,1.9774
0.65,10,47.426,1.9774
0.7,10,47.426,1.9774
0.75,10,47.426,1.9774
0.8,10,47.426,1.9774
0.85,10,47.426,1.9774
0.9,10,47.426,1.9774
0.95,10,47.426,1.9774
1.0,10,47.426,1.9774
1.05,10,47.426,1.9774
1.1,10,47.426,1.9774
1.15,10,47.426,1.9774
1.2,10,47.426,1.9774
1.25,10,47.426,1.9774
1.3,10,47.426,1.9774
1.35,10,47.426,1.9774
1.4,10,47.426,1.9774
1.45,10,47.426,1.9774
1.5,10,47.426,1.9774
1.55,10,47.426,1.9774
1.6,10,47.426,1.9774
1.65,10,47.426,1.9774
1.7,10,47.426,1.9774
1.75,10,47.426,1.9774
1.8,10,47.426,1.9774
1.85,10,47.426,1.9774
1.9,10,47.426,1.9774
1.95,10,47.426,1.9774
2.0,10,47.426,1.9774
2.05,10,47.426,1.9774
2.1,10,47.426,1.9774
2.15,10,47.426,1.9774
2.2,10,47.426,1.9774
2.25,10,47.426,1.9774
2.3,10,47.426,1.9774
2.35,10,47.426,1.9774
2.4,10,47.426,1.9774
2.45,10,47.426,1.9774
2.5,10,47.426,1.9774
2.55,10,47.426,1.9774
2.6,10,47.426,1.9774
2.65,10,47.426,1.9774
2.7,10,47.426,1.9774
2.75,10,47.426,1.9774
2.8,10,47.426,1.9774
2.85,10,47.426,1.9774
2.9,10,47.426,1.9774
2.95,10,47.426,1.9774
3.0,10,47.426,1.9774
3.05,10,47.426,1.9774
3.1,10,47.426,1.9774
3.15,10,47.426,1.9774
3.2,10,47.426,1.9774
3.25,10,47.426,1.9774
3.3,10,47.426,1.9774
3.35,10,47.426,1.9774
3.4,10,47.426,1.9774
3.45,10,47.426,1.9774
3.5,10,47.426,1.9774
3.55,10,47.426,1.9774
3.6,10,47.426,1.9774
3.65,10,47.426,1.9774
3.7,10,47.426,1.9774
3.75,10,47.426,1.9774
3.8,10,47.426,1.9774
3.85,10,47.426,1.9774
3.9,10,47.426,1.9774
3.95,10,47.426,1.9774
4.0,10,47.426,1.9774
0.1,15,6.165,119.2658
0.15,15,7.613,94.1129
0.2,15,9.485,69.5996
0.25,15,12.014,47.4657
0.3,15,12.192,46.151
0.35,15,14.041,35.5799
0.4,15,16.432,25.979
0.45,15,18.363,20.4779
0.5,15,20.799,15.3987
0.55,15,24.055,10.6956
0.6,15,28.882,6.878
0.65,15,34.782,4.2854
0.7,15,52.595,1.3681
0.75,15,52.595,1.3681
0.8,15,52.595,1.3681
0.85,15,52.595,1.3681
0.9,15,52.595,1.3681
0.95,15,52.595,1.3681
1.0,15,52.595,1.3681
1.05,15,52.595,1.3681
1.1,15,52.595,1.3681
1.15,15,52.595,1.3681
1.2,15,52.595,1.3681
1.25,15,52.595,1.3681
1.3,15,52.595,1.3681
1.35,15,52.595,1.3681
1.4,15,52.595,1.3681
1.45,15,52.595,1.3681
1.5,15,52.595,1.3681
1.55,15,52.595,1.3681
1.6,15,52.595,1.3681
1.65,15,52.595,1.3681
1.7,15,52.595,1.3681
1.75,15,52.595,1.3681
1.8,15,52.595,1.3681
1.85,15,52.595,1.3681
1.9,15,52.595,1.3681
1.95,15,52.595,1.3681
2.0,15,52.595,1.3681
2.05,15,52.595,1.3681
2.1,15,52.595,1.3681
2.15,15,52.595,1.3681
2.2,15,52.595,1.3681
2.25,15,52.595,1.3681
2.3,15,52.595,1.3681
2.35,15,52.595,1.3681
2.4,15,52.595,1.3681
2.45,15,52.595,1.3681
2.5,15,52.595,1.3681
2.55,15,52.595,1.3681
2.6,15,52.595,1.3681
2.65,15,52.595,1.3681
2.7,15,52.595,1.3681
2.75,15,52.595,1.3681
2.8,15,52.595,1.3681
2.85,15,52.595,1.3681
2.9,15,52.595,1.3681
2.95,15,52.595,1.3681
3.0,15,52.595,1.3681
3.05,15,52.595,1.3681
3.1,15,52.595,1.3681
3.15,15,52.595,1.3681
3.2,15,52.595,1.3681
3.25,15,52.595,1.3681
3.3,15,52.595,1.3681
3.35,15,52.595,1.3681
3.4,15,52.595,1.3681
3.45,15,52.595,1.3681
3.5,15,52.595,1.3681
3.55,15,52.595,1.3681
3.6,15,52.595,1.3681
3.65,15,52.595,1.3681
3.7,15,52.595,1.3681
3.75,15,52.595,1.3681
3.8,15,52.595,1.3681
3.85,15,52.595,1.3681
3.9,15,52.595,1.3681
3.95,15,52.595,1.3681
4.0,15,52.595,1.3681
0.1,20,5.101,101.8468
0.15,20,6.439,84.4361
0.2,20,8.135,65.3155
0.25,20,10.359,47.2896
0.3,20,10.491,46.3114
0.35,20,12.046,37.3638
0.4,20,13.986,28.97
0.45,20,15.493,24.0125
0.5,20,17.3,19.3504
0.55,20,19.538,14.9754
0.6,20,22.45,10.8598
0.65,20,25.317,8.2681
0.7,20,29.292,5.9112
0.75,20,35.645,3.6419
0.8,20,51.814,1.3346
0.85,20,51.814,1.3346
0.9,20,51.814,1.3346
0.95,20,51.814,1.3346
1.0,20,51.814,1.3346
1.05,20,51.814,1.3346
1.1,20,51.814,1.3346
1.15,20,51.814,1.3346
1.2,20,51.814,1.3346
1.25,20,51.814,1.3346
1.3,20,51.814,1.3346
1.35,20,51.814,1.3346
1.4,20,51.814,1.3346
1.45,20,51.814,1.3346
1.5,20,51.814,1.3346
1.55,20,51.814,1.3346
1.6,20,51.814,1.3346
1.65,20,51.814,1.3346
1.7,20,51.814,1.3346
1.75,20,51.814,1.3346
1.8,20,51.814,1.3346
1.85,20,51.814,1.3346
1.9,20,51.814,1.3346
1.95,20,51.814,1.3346
2.0,20,51.814,1.3346
2.05,20,51.814,1.3346
2.1,20,51.814,1.3346
2.15,20,51.814,1.3346
2.2,20,51.814,1.3346
2.25,20,51.814,1.3346
2.3,20,51.814,1.3346
2.35,20,51.814,1.3346
2.4,20,51.814,1.3346
2.45,20,51.814,1.3346
2.5,20,51.814,1.3346
2.55,20,51.814,1.3346
2.6,20,51.814,1.3346
2.65,20,51.814,1.3346
2.7,20,51.814,1.3346
2.75,20,51.814,1.3346
2.8,20,51.814,1.3346
2.85,20,51.814,1.3346
2.9,20,51.814,1.3346
2.95,20,51.814,1.3346
3.0,20,51.814,1.3346
3.05,20,51.814,1.3346
3.1,20,51.814,1.3346
3.15,20,51.814,1.3346
3.2,20,51.814,1.3346
3.25,20,51.814,1.3346
3.3,20,51.814,1.3346
3.35,20,51.814,1.3346
3.4,20,51.814,1.3346
3.45,20,51.814,1.3346
3.5,20,51.814,1.3346
3.55,20,51.814,1.3346
3.6,20,51.814,1.3346
3.65,20,51.814,1.3346
3.7,20,51.814,1.3346
3.75,20,51.814,1.3346
3.8,20,51.814,1.3346
3.85,20,51.814,1.3346
3.9,20,51.814,1.3346
3.95,20,51.814,1.3346
4.0,20,51.814,1.3346
0.1,25,4.052,89.6298
0.15,25,5.306,75.0913
0.2,25,6.865,60.2793
0.25,25,8.861,45.7943
0.3,25,8.958,45.0969
0.35,25,10.303,37.6841
0.4,25,11.938,30.5393
0.45,25,13.178,26.2033
0.5,25,14.617,22.0566
0.55,25,16.324,18.1038
0.6,25,18.409,14.341
0.65,25,20.296,11.6675
0.7,25,22.628,9.2138
0.75,25,25.655,7.0945
0.8,25,29.906,5.0399
0.85,25,35.224,3.4145
0.9,25,48.365,1.5168
0.95,25,48.365,1.5168
1.0,25,48.365,1.5168
1.05,25,48.365,1.5168
1.1,25,48.365,1.5168
1.15,25,48.365,1.5168
1.2,25,48.365,1.5168
1.25,25,48.365,1.5168
1.3,25,48.365,1.5168
1.35,25,48.365,1.5168
1.4,25,48.365,1.5168
1.45,25,48.365,1.5168
1.5,25,48.365,1.5168
1.55,25,48.365,1.5168
1.6,25,48.365,1.5168
1.65,25,48.365,1.5168
1.7,25,48.365,1.5168
1.75,25,48.365,1.5168
1.8,25,48.365,1.5168
1.85,25,48.365,1.5168
1.9,25,48.365,1.5168
1.95,25,48.365,1.5168
2.0,25,48.365,1.5168
2.05,25,48.365,1.5168
2.1,25,48.365,1.5168
2.15,25,48.365,1.5168
2.2,25,48.365,1.5168
2.25,25,48.365,1.5168
2.3,25,48.365,1.5168
2.35,25,48.365,1.5168
2.4,25,48.365,1.5168
2.45,25,48.365,1.5168
2.5,25,48.365,1.5168
2.55,25,48.365,1.5168
2.6,25,48.365,1.5168
2.65,25,48.365,1.5168
2.7,25,48.365,1.5168
2.75,25,48.365,1.5168
2.8,25,48.365,1.5168
2.85,25,48.365,1.5168
2.9,25,48.365,1.5168
2.95,25,48.365,1.5168
3.0,25,48.365,1.5168
3.05,25,48.365,1.5168
3.1,25,48.365,1.5168
3.15,25,48.365,1.5168
3.2,25,48.365,1.5168
3.25,25,48.365,1.5168
3.3,25,48.365,1.5168
3.35,25,48.365,1.5168
3.4,25,48.365,1.5168
3.45,25,48.365,1.5168
3.5,25,48.365,1.5168
3.55,25,48.365,1.5168
3.6,25,48.365,1.5168
3.65,25,48.365,1.5168
3.7,25,48.365,1.5168
3.75,25,48.365,1.5168
3.8,25,48.365,1.5168
3.85,25,48.365,1.5168
3.9,25,48.365,1.5168
3.95,25,48.365,1.5168
4.0,25,48.365,1.5168
0.1,30,3.007,77.3301
0.15,30,4.197,66.4185
0.2,30,5.652,54.9867
0.25,30,7.474,43.449
0.3,30,7.542,42.9749
0.35,30,8.732,36.926
0.4,30,10.148,30.9609
0.45,30,11.206,27.2512
0.5,30,12.407,23.6517
0.55,30,13.791,20.1708
0.6,30,15.418,16.8126
0.65,30,16.823,14.4081
0.7,30,18.471,12.0612
0.75,30,20.451,9.7964
0.8,30,22.915,7.9073
0.85,30,25.474,6.3989
0.9,30,28.823,4.9242
0.95,30,33.609,3.4822
1.0,30,41.848,2.0503
1.05,30,57.132,0.896
1.1,30,57.132,0.896
1.15,30,57.132,0.896
1.2,30,57.132,0.896
1.25,30,57.132,0.896
1.3,30,57.132,0.896
1.35,30,57.132,0.896
1.4,30,57.132,0.896
1.45,30,57.132,0.896
1.5,30,57.132,0.896
1.55,30,57.132,0.896
1.6,30,57.132,0.896
1.65,30,57.132,0.896
1.7,30,57.132,0.896
1.75,30,57.132,0.896
1.8,30,57.132,0.896
1.85,30,57.132,0.896
1.9,30,57.132,0.896
1.95,30,57.132,0.896
2.0,30,57.132,0.896
2.05,30,57.132,0.896
2.1,30,57.132,0.896
2.15,30,57.132,0.896
2.2,30,57.132,0.896
2.25,30,57.132,0.896
2.3,30,57.132,0.896
2.35,30,57.132,0.896
2.4,30,57.132,0.896
2.45,30,57.132,0.896
2.5,30,57.132,0.896
2.55,30,57.132,0.896
2.6,30,57.132,0.896
2.65,30,57.132,0.896
2.7,30,57.132,0.896
2.75,30,57.132,0.896
2.8,30,57.132,0.896
2.85,30,57.132,0.896
2.9,30,57.132,0.896
2.95,30,57.132,0.896
3.0,30,57.132,0.896
3.05,30,57.132,0.896
3.1,30,57.132,0.896
3.15,30,57.132,0.896
3.2,30,57.132,0.896
3.25,30,57.132,0.896
3.3,30,57.132,0.896
3.35,30,57.132,0.896
3.4,30,57.132,0.896
3.45,30,57.132,0.896
3.5,30,57.132,0.896
3.55,30,57.132,0.896
3.6,30,57.132,0.896
3.65,30,57.132,0.896
3.7,30,57.132,0.896
3.75,30,57.132,0.896
3.8,30,57.132,0.896
3.85,30,57.132,0.896
3.9,30,57.132,0.896
3.95,30,57.132,0.896
4.0,30,57.132,0.896
0.1,35,1.956,66.7759
0.15,35,3.1,58.5728
0.2,35,4.475,49.762
0.25,35,6.164,40.6214
0.3,35,6.208,40.3185
0.35,35,7.279,35.4343
0.4,35,8.534,30.5223
0.45,35,9.462,27.3983
0.5,35,10.498,24.3296
0.55,35,11.668,21.3245
0.6,35,13.008,18.3892
0.65,35,14.128,16.2715
0.7,35,15.403,14.1875
0.75,35,16.874,12.1371
0.8,35,18.607,10.1175
0.85,35,20.285,8.7244
0.9,35,22.29,7.374
0.95,35,24.758,6.0447
1.0,35,27.94,4.7398
1.05,35,32.367,3.4583
1.1,35,39.525,2.1854
1.15,35,46.946,1.4231
1.2,35,46.946,1.4231
1.25,35,46.946,1.4231
1.3,35,46.946,1.4231
1.35,35,46.946,1.4231
1.4,35,46.946,1.4231
1.45,35,46.946,1.4231
1.5,35,46.946,1.4231
1.55,35,46.946,1.4231
1.6,35,46.946,1.4231
1.65,35,46.946,1.4231
1.7,35,46.946,1.4231
1.75,35,46.946,1.4231
1.8,35,46.946,1.4231
1.85,35,46.946,1.4231
1.9,35,46.946,1.4231
1.95,35,46.946,1.4231
2.0,35,46.946,1.4231
2.05,35,46.946,1.4231
2.1,35,46.946,1.4231
2.15,35,46.946,1.4231
2.2,35,46.946,1.4231
2.25,35,46.946,1.4231
2.3,35,46.946,1.4231
2.35,35,46.946,1.4231
2.4,35,46.946,1.4231
2.45,35,46.946,1.4231
2.5,35,46.946,1.4231
2.55,35,46.946,1.4231
2.6,35,46.946,1.4231
2.65,35,46.946,1.4231
2.7,35,46.946,1.4231
2.75,35,46.946,1.4231
2.8,35,46.946,1.4231
2.85,35,46.946,1.4231
2.9,35,46.946,1.4231
2.95,35,46.946,1.4231
3.0,35,46.946,1.4231
3.05,35,46.946,1.4231
3.1,35,46.946,1.4231
3.15,35,46.946,1.4231
3.2,35,46.946,1.4231
3.25,35,46.946,1.4231
3.3,35,46.946,1.4231
3.35,35,46.946,1.4231
3.4,35,46.946,1.4231
3.45,35,46.946,1.4231
3.5,35,46.946,1.4231
3.55,35,46.946,1.4231
3.6,35,46.946,1.4231
3.65,35,46.946,1.4231
3.7,35,46.946,1.4231
3.75,35,46.946,1.4231
3.8,35,46.946,1.4231
3.85,35,46.946,1.4231
3.9,35,46.946,1.4231
3.95,35,46.946,1.4231
4.0,35,46.946,1.4231
0.1,40,0.889,57.7767
0.15,40,2.003,51.5931
0.2,40,3.319,44.8003
0.25,40,4.906,37.5794
0.3,40,4.931,37.4042
0.35,40,5.911,33.4881
0.4,40,7.043,29.4822
0.45,40,7.875,26.8805
0.5,40,8.791,24.2979
0.55,40,9.81,21.7413
0.6,40,10.955,19.2168
0.65,40,11.89,17.3841
0.7,40,12.932,15.5656
0.75,40,14.105,13.7631
0.8,40,15.443,11.9768
0.85,40,16.69,10.5324
0.9,40,18.117,9.2324
0.95,40,19.776,8.0321
1.0,40,21.746,6.843
1.05,40,24.152,5.6686
1.1,40,27.218,4.5112
1.15,40,31.4,3.3702
1.2,40,31.297,3.3868
1.25,40,35.822,2.5274
1.3,40,49.869,1.1676
1.35,40,49.869,1.1676
1.4,40,49.869,1.1676
1.45,40,49.869,1.1676
1.5,40,49.869,1.1676
1.55,40,49.869,1.1676
1.6,40,49.869,1.1676
1.65,40,49.869,1.1676
1.7,40,49.869,1.1676
1.75,40,49.869,1.1676
1.8,40,49.869,1.1676
1.85,40,49.869,1.1676
1.9,40,49.869,1.1676
1.95,40,49.869,1.1676
2.0,40,49.869,1.1676
2.05,40,49.869,1.1676
2.1,40,49.869,1.1676
2.15,40,49.869,1.1676
2.2,40,49.869,1.1676
2.25,40,49.869,1.1676
2.3,40,49.869,1.1676
2.35,40,49.869,1.1676
2.4,40,49.869,1.1676
2.45,40,49.869,1.1676
2.5,40,49.869,1.1676
2.55,40,49.869,1.1676
2.6,40,49.869,1.1676
2.65,40,49.869,1.1676
2.7,40,49.869,1.1676
2.75,40,49.869,1.1676
2.8,40,49.869,1.1676
2.85,40,49.869,1.1676
2.9,40,49.869,1.1676
2.95,40,49.869,1.1676
3.0,40,49.869,1.1676
3.05,40,49.869,1.1676
3.1,40,49.869,1.1676
3.15,40,49.869,1.1676
3.2,40,49.869,1.1676
3.25,40,49.869,1.1676
3.3,40,49.869,1.1676
3.35,40,49.869,1.1676
3.4,40,49.869,1.1676
3.45,40,49.869,1.1676
3.5,40,49.869,1.1676
3.55,40,49.869,1.1676
3.6,40,49.869,1.1676
3.65,40,49.869,1.1676
3.7,40,49.869,1.1676
3.75,40,49.869,1.1676
3.8,40,49.869,1.1676
3.85,40,49.869,1.1676
3.9,40,49.869,1.1676
3.95,40,49.869,1.1676
4.0,40,49.869,1.1676
0.1,45,0.0,50.1276
0.15,45,0.894,45.4508
0.2,45,2.17,40.2058
0.25,45,3.681,34.5069
0.3,45,3.689,34.4247
0.35,45,4.599,31.2988
0.4,45,5.637,28.053
0.45,45,6.397,25.9025
0.5,45,7.225,23.7484
0.55,45,8.134,21.5962
0.6,45,9.14,19.4506
0.65,45,9.946,17.886
0.7,45,10.831,16.3216
0.75,45,11.809,14.7596
0.8,45,12.902,13.2012
0.85,45,13.895,11.9379
0.9,45,15.002,10.6735
0.95,45,16.251,9.496
1.0,45,17.676,8.4345
1.05,45,19.326,7.377
1.1,45,21.275,6.3265
1.15,45,23.642,5.2858
1.2,45,23.526,5.3213
1.25,45,25.663,4.5491
1.3,45,28.302,3.7791
1.35,45,31.728,3.0087
1.4,45,36.564,2.2303
1.45,45,47.703,1.2209
1.5,45,58.475,0.7281
1.55,45,58.475,0.7281
1.6,45,58.475,0.7281
1.65,45,58.475,0.7281
1.7,45,58.475,0.7281
1.75,45,58.475,0.7281
1.8,45,58.475,0.7281
1.85,45,58.475,0.7281
1.9,45,58.475,0.7281
1.95,45,58.475,0.7281
2.0,45,58.475,0.7281
2.05,45,58.475,0.7281
2.1,45,58.475,0.7281
2.15,45,58.475,0.7281
2.2,45,58.475,0.7281
2.25,45,58.475,0.7281
2.3,45,58.475,0.7281
2.35,45,58.475,0.7281
2.4,45,58.475,0.7281
2.45,45,58.475,0.7281
2.5,45,58.475,0.7281
2.55,45,58.475,0.7281
2.6,45,58.475,0.7281
2.65,45,58.475,0.7281
2.7,45,58.475,0.7281
2.75,45,58.475,0.7281
2.8,45,58.475,0.7281
2.85,45,58.475,0.7281
2.9,45,58.475,0.7281
2.95,45,58.475,0.7281
3.0,45,58.475,0.7281
3.05,45,58.475,0.7281
3.1,45,58.475,0.7281
3.15,45,58.475,0.7281
3.2,45,58.475,0.7281
3.25,45,58.475,0.7281
3.3,45,58.475,0.7281
3.35,45,58.475,0.7281
3.4,45,58.475,0.7281
3.45,45,58.475,0.7281
3.5,45,58.475,0.7281
3.55,45,58.475,0.7281
3.6,45,58.475,0.7281
3.65,45,58.475,0.7281
3.7,45,58.475,0.7281
3.75,45,58.475,0.7281
3.8,45,58.475,0.7281
3.85,45,58.475,0.7281
3.9,45,58.475,0.7281
3.95,45,58.475,0.7281
4.0,45,58.475,0.7281
0.1,50,0.296,38.4298
0.15,50,0.0,40.0816
0.2,50,1.017,36.022
0.25,50,2.474,31.5225
0.3,50,2.468,31.5064
0.35,50,3.323,29.0177
0.4,50,4.289,26.3988
0.45,50,4.995,24.6295
0.5,50,5.756,22.8435
0.55,50,6.583,21.0446
0.6,50,7.487,19.2365
0.65,50,8.199,17.9141
0.7,50,8.972,16.5829
0.75,50,9.816,15.2447
0.8,50,10.744,13.9009
0.85,50,11.569,12.8103
0.9,50,12.475,11.7122
0.95,50,13.478,10.6078
1.0,50,14.594,9.571
1.05,50,15.85,8.6353
1.1,50,17.279,7.6986
1.15,50,18.929,6.7633
1.2,50,18.82,6.8079
1.25,50,20.213,6.1149
1.3,50,21.812,5.4223
1.35,50,23.683,4.7303
1.4,50,25.928,4.0387
1.45,50,28.72,3.3464
1.5,50,32.385,2.6501
1.55,50,36.082,2.1257
1.6,50,43.68,1.4094
1.65,50,53.996,0.8515
1.7,50,53.996,0.8515
1.75,50,53.996,0.8515
1.8,50,53.996,0.8515
1.85,50,53.996,0.8515
1.9,50,53.996,0.8515
1.95,50,53.996,0.8515
2.0,50,53.996,0.8515
2.05,50,53.996,0.8515
2.1,50,53.996,0.8515
2.15,50,53.996,0.8515
2.2,50,53.996,0.8515
2.25,50,53.996,0.8515
2.3,50,53.996,0.8515
2.35,50,53.996,0.8515
2.4,50,53.996,0.8515
2.45,50,53.996,0.8515
2.5,50,53.996,0.8515
2.55,50,53.996,0.8515
2.6,50,53.996,0.8515
2.65,50,53.996,0.8515
2.7,50,53.996,0.8515
2.75,50,53.996,0.8515
2.8,50,53.996,0.8515
2.85,50,53.996,0.8515
2.9,50,53.996,0.8515
2.95,50,53.996,0.8515
3.0,50,53.996,0.8515
3.05,50,53.996,0.8515
3.1,50,53.996,0.8515
3.15,50,53.996,0.8515
3.2,50,53.996,0.8515
3.25,50,53.996,0.8515
3.3,50,53.996,0.8515
3.35,50,53.996,0.8515
3.4,50,53.996,0.8515
3.45,50,53.996,0.8515
3.5,50,53.996,0.8515
3.55,50,53.996,0.8515
3.6,50,53.996,0.8515
3.65,50,53.996,0.8515
3.7,50,53.996,0.8515
3.75,50,53.996,0.8515
3.8,50,53.996,0.8515
3.85,50,53.996,0.8515
3.9,50,53.996,0.8515
3.95,50,53.996,0.8515
4.0,50,53.996,0.8515
0.1,55,0.0,33.2774
0.15,55,0.0,35.4057
0.2,55,0.0,32.2545
0.25,55,1.271,28.6969
0.3,55,1.252,28.7265
0.35,55,2.067,26.7475
0.4,55,2.978,24.6395
0.45,55,3.643,23.1878
0.5,55,4.354,21.7123
0.55,55,5.119,20.2157
0.6,55,5.947,18.7007
0.65,55,6.589,17.5911
0.7,55,7.28,16.4673
0.75,55,8.026,15.3307
0.8,55,8.837,14.1826
0.85,55,9.545,13.251
0.9,55,10.313,12.3077
0.95,55,11.152,11.3538
1.0,55,12.072,10.39
1.05,55,13.088,9.5035
1.1,55,14.217,8.6803
1.15,55,15.486,7.8527
1.2,55,15.387,7.9002
1.25,55,16.419,7.2866
1.3,55,17.564,6.6707
1.35,55,18.847,6.0531
1.4,55,20.303,5.4342
1.45,55,21.981,4.8144
1.5,55,23.953,4.1935
1.55,55,25.672,3.7333
1.6,55,27.689,3.2711
1.65,55,30.124,2.8055
1.7,55,33.181,2.3339
1.75,55,37.264,1.8509
1.8,55,47.275,1.1146
1.85,55,56.401,0.7316
1.9,55,56.401,0.7316
1.95,55,56.401,0.7316
2.0,55,56.401,0.7316
2.05,55,56.401,0.7316
2.1,55,56.401,0.7316
2.15,55,56.401,0.7316
2.2,55,56.401,0.7316
2.25,55,56.401,0.7316
2.3,55,56.401,0.7316
2.35,55,56.401,0.7316
2.4,55,56.401,0.7316
2.45,55,56.401,0.7316
2.5,55,56.401,0.7316
2.55,55,56.401,0.7316
2.6,55,56.401,0.7316
2.65,55,56.401,0.7316
2.7,55,56.401,0.7316
2.75,55,56.401,0.7316
2.8,55,56.401,0.7316
2.85,55,56.401,0.7316
2.9,55,56.401,0.7316
2.95,55,56.401,0.7316
3.0,55,56.401,0.7316
3.05,55,56.401,0.7316
3.1,55,56.401,0.7316
3.15,55,56.401,0.7316
3.2,55,56.401,0.7316
3.25,55,56.401,0.7316
3.3,55,56.401,0.7316
3.35,55,56.401,0.7316
3.4,55,56.401,0.7316
3.45,55,56.401,0.7316
3.5,55,56.401,0.7316
3.55,55,56.401,0.7316
3.6,55,56.401,0.7316
3.65,55,56.401,0.7316
3.7,55,56.401,0.7316
3.75,55,56.401,0.7316
3.8,55,56.401,0.7316
3.85,55,56.401,0.7316
3.9,55,56.401,0.7316
3.95,55,56.401,0.7316
4.0,55,56.401,0.7316
0.1,60,0.0,29.0211
0.15,60,0.0,31.3403
0.2,60,0.0,28.8862
0.25,60,0.06,26.0673
0.3,60,0.029,26.1277
0.35,60,0.817,24.5543
0.4,60,1.687,22.8595
0.45,60,2.322,21.6695
0.5,60,2.996,20.4527
0.55,60,3.714,19.211
0.6,60,4.485,17.9461
0.65,60,5.074,17.0196
0.7,60,5.703,16.0763
0.75,60,6.377,15.117
0.8,60,7.102,14.1426
0.85,60,7.723,13.3537
0.9,60,8.393,12.5506
0.95,60,9.116,11.734
1.0,60,9.901,10.9049
1.05,60,10.756,10.064
1.1,60,11.693,9.331
1.15,60,12.725,8.6075
1.2,60,12.637,8.6539
1.25,60,13.458,8.1168
1.3,60,14.351,7.5756
1.35,60,15.328,7.0308
1.4,60,16.405,6.4829
1.45,60,17.603,5.9321
1.5,60,18.949,5.379
1.55,60,20.065,4.9689
1.6,60,21.303,4.5575
1.65,60,22.694,4.1447
1.7,60,24.276,3.73
1.75,60,26.105,3.313
1.8,60,28.27,2.8927
1.85,60,30.913,2.4672
1.9,60,34.286,2.0333
1.95,60,38.925,1.5838
2.0,60,47.25,1.0535
2.05,60,55.7,0.7194
2.1,60,55.7,0.7194
2.15,60,55.7,0.7194
2.2,60,55.7,0.7194
2.25,60,55.7,0.7194
2.3,60,55.7,0.7194
2.35,60,55.7,0.7194
2.4,60,55.7,0.7194
2.45,60,55.7,0.7194
2.5,60,55.7,0.7194
2.55,60,55.7,0.7194
2.6,60,55.7,0.7194
2.65,60,55.7,0.7194
2.7,60,55.7,0.7194
2.75,60,55.7,0.7194
2.8,60,55.7,0.7194
2.85,60,55.7,0.7194
2.9,60,55.7,0.7194
2.95,60,55.7,0.7194
3.0,60,55.7,0.7194
3.05,60,55.7,0.7194
3.1,60,55.7,0.7194
3.15,60,55.7,0.7194
3.2,60,55.7,0.7194
3.25,60,55.7,0.7194
3.3,60,55.7,0.7194
3.35,60,55.7,0.7194
3.4,60,55.7,0.7194
3.45,60,55.7,0.7194
3.5,60,55.7,0.7194
3.55,60,55.7,0.7194
3.6,60,55.7,0.7194
3.65,60,55.7,0.7194
3.7,60,55.7,0.7194
3.75,60,55.7,0.7194
3.8,60,55.7,0.7194
3.85,60,55.7,0.7194
3.9,60,55.7,0.7194
3.95,60,55.7,0.7194
4.0,60,55.7,0.7194
0.1,65,0.0,25.4701
0.15,65,0.0,25.4701
0.2,65,0.0,25.8879
0.25,65,0.0,23.6486
0.3,65,0.0,23.7288
0.35,65,0.0,22.4773
0.4,65,0.401,21.1149
0.45,65,1.015,20.1393
0.5,65,1.662,19.1364
0.55,65,2.347,18.1074
0.6,65,3.074,17.0533
0.65,65,3.623,16.2822
0.7,65,4.206,15.4933
0.75,65,4.825,14.6871
0.8,65,5.485,13.8643
0.85,65,6.042,13.2006
0.9,65,6.638,12.5215
0.95,65,7.277,11.8276
1.0,65,7.963,11.1196
1.05,65,8.704,10.3981
1.1,65,9.507,9.7104
1.15,65,10.381,9.0836
1.2,65,10.302,9.1264
1.25,65,10.986,8.6605
1.3,65,11.721,8.1894
1.35,65,12.512,7.7135
1.4,65,13.369,7.2332
1.45,65,14.302,6.7487
1.5,65,15.325,6.2605
1.55,65,16.151,5.8977
1.6,65,17.045,5.5331
1.65,65,18.018,5.1668
1.7,65,19.082,4.7988
1.75,65,20.258,4.429
1.8,65,21.567,4.0572
1.85,65,23.044,3.6833
1.9,65,24.734,3.3068
1.95,65,26.703,2.9268
2.0,65,29.058,2.5421
2.05,65,31.332,2.229
2.1,65,34.116,1.9098
2.15,65,37.693,1.5806
2.2,65,45.296,1.0936
2.25,65,53.033,0.7701
2.3,65,53.033,0.7701
2.35,65,53.033,0.7701
2.4,65,53.033,0.7701
2.45,65,53.033,0.7701
2.5,65,53.033,0.7701
2.55,65,53.033,0.7701
2.6,65,53.033,0.7701
2.65,65,53.033,0.7701
2.7,65,53.033,0.7701
2.75,65,53.033,0.7701
2.8,65,53.033,0.7701
2.85,65,53.033,0.7701
2.9,65,53.033,0.7701
2.95,65,53.033,0.7701
3.0,65,53.033,0.7701
3.05,65,53.033,0.7701
3.1,65,53.033,0.7701
3.15,65,53.033,0.7701
3.2,65,53.033,0.7701
3.25,65,53.033,0.7701
3.3,65,53.033,0.7701
3.35,65,53.033,0.7701
3.4,65,53.033,0.7701
3.45,65,53.033,0.7701
3.5,65,53.033,0.7701
3.55,65,53.033,0.7701
3.6,65,53.033,0.7701
3.65,65,53.033,0.7701
3.7,65,53.033,0.7701
3.75,65,53.033,0.7701
3.8,65,53.033,0.7701
3.85,65,53.033,0.7701
3.9,65,53.033,0.7701
3.95,65,53.033,0.7701
4.0,65,53.033,0.7701
0.1,70,0.0,22.4799
0.15,70,0.0,22.4799
0.2,70,0.0,23.2253
0.25,70,0.0,21.4412
0.3,70,0.0,21.5333
0.35,70,0.0,20.5371
0.4,70,0.0,19.4415
0.45,70,0.0,18.6407
0.5,70,0.338,17.8136
0.55,70,0.998,16.9609
0.6,70,1.695,16.083
0.65,70,2.214,15.4425
0.7,70,2.761,14.7842
0.75,70,3.339,14.1085
0.8,70,3.951,13.4159
0.85,70,4.458,12.8604
0.9,70,4.997,12.2892
0.95,70,5.572,11.7029
1.0,70,6.185,11.1019
1.05,70,6.842,10.4867
1.1,70,7.548,9.8734
1.15,70,8.309,9.3341
1.2,70,8.24,9.3721
1.25,70,8.829,8.9706
1.3,70,9.455,8.5634
1.35,70,10.123,8.1509
1.4,70,10.837,7.7332
1.45,70,11.604,7.3106
1.5,70,12.432,6.8834
1.55,70,13.091,6.5648
1.6,70,13.792,6.2441
1.65,70,14.542,5.9213
1.7,70,15.346,5.5965
1.75,70,16.213,5.2697
1.8,70,17.152,4.9409
1.85,70,18.177,4.6101
1.9,70,19.302,4.2772
1.95,70,20.548,3.9421
2.0,70,21.943,3.6045
2.05,70,23.193,3.3312
2.1,70,24.587,3.0561
2.15,70,26.163,2.7788
2.2,70,27.971,2.4986
2.25,70,30.089,2.2145
2.3,70,32.641,1.9248
2.35,70,35.838,1.6268
2.4,70,40.105,1.3151
2.45,70,48.131,0.9026
2.5,70,55.061,0.674
2.55,70,55.061,0.674
2.6,70,55.061,0.674
2.65,70,55.061,0.674
2.7,70,55.061,0.674
2.75,70,55.061,0.674
2.8,70,55.061,0.674
2.85,70,55.061,0.674
2.9,70,55.061,0.674
2.95,70,55.061,0.674
3.0,70,55.061,0.674
3.05,70,55.061,0.674
3.1,70,55.061,0.674
3.15,70,55.061,0.674
3.2,70,55.061,0.674
3.25,70,55.061,0.674
3.3,70,55.061,0.674
3.35,70,55.061,0.674
3.4,70,55.061,0.674
3.45,70,55.061,0.674
3.5,70,55.061,0.674
3.55,70,55.061,0.674
3.6,70,55.061,0.674
3.65,70,55.061,0.674
3.7,70,55.061,0.674
3.75,70,55.061,0.674
3.8,70,55.061,0.674
3.85,70,55.061,0.674
3.9,70,55.061,0.674
3.95,70,55.061,0.674
4.0,70,55.061,0.674
0.1,75,0.0,19.9398
0.15,75,0.0,19.9398
0.2,75,0.0,20.8624
0.25,75,0.0,19.4369
0.3,75,0.0,19.5354
0.35,75,0.0,18.7415
0.4,75,0.0,17.8597
0.45,75,0.0,17.2013
0.5,75,0.0,16.5183
0.55,75,0.0,15.811
0.6,75,0.33,15.0797
0.65,75,0.827,14.548
0.7,75,1.348,13.9994
0.75,75,1.895,13.4341
0.8,75,2.471,12.8522
0.85,75,2.939,12.389
0.9,75,3.435,11.9106
0.95,75,3.96,11.4173
1.0,75,4.518,10.9094
1.05,75,5.112,10.3874
1.1,75,5.745,9.8681
1.15,75,6.422,9.4067
1.2,75,6.362,9.4393
1.25,75,6.883,9.095
1.3,75,7.432,8.745
1.35,75,8.013,8.3894
1.4,75,8.628,8.0284
1.45,75,9.283,7.6621
1.5,75,9.981,7.2908
1.55,75,10.532,7.0129
1.6,75,11.112,6.7326
1.65,75,11.725,6.4501
1.7,75,12.374,6.1653
1.75,75,13.063,5.8783
1.8,75,13.798,5.5891
1.85,75,14.584,5.2977
1.9,75,15.43,5.0042
1.95,75,16.343,4.7085
2.0,75,17.335,4.4107
2.05,75,18.198,4.1688
2.1,75,19.13,3.9258
2.15,75,20.139,3.6815
2.2,75,21.242,3.4358
2.25,75,22.455,3.1884
2.3,75,23.803,2.9391
2.35,75,25.318,2.6874
2.4,75,27.044,2.4329
2.45,75,29.049,2.1744
2.5,75,31.435,1.9109
2.55,75,33.84,1.6857
2.6,75,36.8,1.4532
2.65,75,41.801,1.1475
2.7,75,48.413,0.8507
2.75,75,54.823,0.6535
2.8,75,54.823,0.6535
2.85,75,54.823,0.6535
2.9,75,54.823,0.6535
2.95,75,54.823,0.6535
3.0,75,54.823,0.6535
3.05,75,54.823,0.6535
3.1,75,54.823,0.6535
3.15,75,54.823,0.6535
3.2,75,54.823,0.6535
3.25,75,54.823,0.6535
3.3,75,54.823,0.6535
3.35,75,54.823,0.6535
3.4,75,54.823,0.6535
3.45,75,54.823,0.6535
3.5,75,54.823,0.6535
3.55,75,54.823,0.6535
3.6,75,54.823,0.6535
3.65,75,54.823,0.6535
3.7,75,54.823,0.6535
3.75,75,54.823,0.6535
3.8,75,54.823,0.6535
3.85,75,54.823,0.6535
3.9,75,54.823,0.6535
3.95,75,54.823,0.6535
4.0,75,54.823,0.6535
0.1,80,0.0,17.7642
0.15,80,0.0,17.7642
0.2,80,0.0,17.7642
0.25,80,0.0,17.6224
0.3,80,0.0,17.7235
0.35,80,0.0,17.0901
0.4,80,0.0,16.3798
0.45,80,0.0,15.8372
0.5,80,0.0,15.2721
0.55,80,0.0,14.6847
0.6,80,0.0,14.0748
0.65,80,0.0,13.6335
0.7,80,0.0,13.1765
0.75,80,0.474,12.7038
0.8,80,1.023,12.2155
0.85,80,1.462,11.8303
0.9,80,1.924,11.4308
0.95,80,2.411,11.0171
1.0,80,2.926,10.5895
1.05,80,3.471,10.1482
1.1,80,4.049,9.7353
1.15,80,4.663,9.3422
1.2,80,4.612,9.3693
1.25,80,5.082,9.0753
1.3,80,5.574,8.7756
1.35,80,6.091,8.4704
1.4,80,6.635,8.1599
1.45,80,7.21,7.8441
1.5,80,7.817,7.5231
1.55,80,8.294,7.2818
1.6,80,8.792,7.0381
1.65,80,9.313,6.792
1.7,80,9.86,6.5437
1.75,80,10.436,6.293
1.8,80,11.043,6.04
1.85,80,11.684,5.7847
1.9,80,12.364,5.5273
1.95,80,13.088,5.2675
2.0,80,13.861,5.0056
2.05,80,14.524,4.7919
2.1,80,15.226,4.5772
2.15,80,15.973,4.3613
2.2,80,16.769,4.1442
2.25,80,17.622,3.926
2.3,80,18.539,3.7064
2.35,80,19.532,3.4854
2.4,80,20.614,3.2628
2.45,80,21.801,3.0384
2.5,80,23.115,2.812
2.55,80,24.331,2.6216
2.6,80,25.679,2.4293
2.65,80,27.19,2.2344
2.7,80,28.906,2.0365
2.75,80,30.89,1.8348
2.8,80,33.236,1.628
2.85,80,36.1,1.4142
2.9,80,39.766,1.1902
2.95,80,46.3,0.8856
3.0,80,52.178,0.6959
3.05,80,57.89,0.5544
3.1,80,57.89,0.5544
3.15,80,57.89,0.5544
3.2,80,57.89,0.5544
3.25,80,57.89,0.5544
3.3,80,57.89,0.5544
3.35,80,57.89,0.5544
3.4,80,57.89,0.5544
3.45,80,57.89,0.5544
3.5,80,57.89,0.5544
3.55,80,57.89,0.5544
3.6,80,57.89,0.5544
3.65,80,57.89,0.5544
3.7,80,57.89,0.5544
3.75,80,57.89,0.5544
3.8,80,57.89,0.5544
3.85,80,57.89,0.5544
3.9,80,57.89,0.5544
3.95,80,57.89,0.5544
4.0,80,57.89,0.5544
0.1,85,0.0,15.8866
0.15,85,0.0,15.8866
0.2,85,0.0,15.8866
0.25,85,0.0,15.9825
0.3,85,0.0,16.0834
0.35,85,0.0,15.5778
0.4,85,0.0,15.005
0.45,85,0.0,14.5567
0.5,85,0.0,14.0881
0.55,85,0.0,13.5992
0.6,85,0.0,13.0898
0.65,85,0.0,12.7233
0.7,85,0.0,12.3425
0.75,85,0.0,11.9473
0.8,85,0.0,11.5376
0.85,85,0.006,11.2181
0.9,85,0.443,10.8853
0.95,85,0.901,10.5393
1.0,85,1.383,10.1802
1.05,85,1.89,9.8318
1.1,85,2.425,9.5086
1.15,85,2.991,9.1748
1.2,85,2.949,9.1967
1.25,85,3.38,8.9463
1.3,85,3.83,8.6905
1.35,85,4.3,8.4296
1.4,85,4.791,8.1634
1.45,85,5.307,7.8921
1.5,85,5.848,7.6157
1.55,85,6.271,7.407
1.6,85,6.71,7.1959
1.65,85,7.168,6.9825
1.7,85,7.644,6.7668
1.75,85,8.142,6.5488
1.8,85,8.662,6.3284
1.85,85,9.207,6.1058
1.9,85,9.78,5.8809
1.95,85,10.383,5.6538
2.0,85,11.019,5.4245
2.05,85,11.562,5.2364
2.1,85,12.13,5.0472
2.15,85,12.726,4.857
2.2,85,13.353,4.6656
2.25,85,14.015,4.473
2.3,85,14.714,4.2793
2.35,85,15.457,4.0844
2.4,85,16.248,3.8883
2.45,85,17.094,3.6908
2.5,85,18.003,3.4919
2.55,85,18.818,3.3253
2.6,85,19.691,3.1576
2.65,85,20.631,2.9884
2.7,85,21.648,2.8179
2.75,85,22.755,2.6457
2.8,85,23.971,2.4716
2.85,85,25.317,2.2954
2.9,85,26.822,2.1167
2.95,85,28.529,1.9349
3.0,85,30.497,1.7493
3.05,85,32.817,1.5587
3.1,85,35.637,1.3613
3.15,85,39.219,1.1542
3.2,85,42.128,1.0126
3.25,85,0.0,0.0
3.3,85,53.666,0.6299
3.35,85,58.997,0.5123
3.4,85,58.997,0.5123
3.45,85,58.997,0.5123
3.5,85,58.997,0.5123
3.55,85,58.997,0.5123
3.6,85,58.997,0.5123
3.65,85,58.997,0.5123
3.7,85,58.997,0.5123
3.75,85,58.997,0.5123
3.8,85,58.997,0.5123
3.85,85,58.997,0.5123
3.9,85,58.997,0.5123
3.95,85,58.997,0.5123
4.0,85,58.997,0.5123
0.1,90,0.0,14.2543
0.15,90,0.0,14.2543
0.2,90,0.0,14.2543
0.25,90,0.0,14.5008
0.3,90,0.0,14.6
0.35,90,0.0,14.1961
0.4,90,0.0,13.7339
0.45,90,0.0,13.3625
0.5,90,0.0,12.973
0.55,90,0.0,12.5652
0.6,90,0.0,12.1388
0.65,90,0.0,11.8343
0.7,90,0.0,11.5168
0.75,90,0.0,11.1862
0.8,90,0.0,10.8424
0.85,90,0.0,10.5778
0.9,90,0.0,10.3011
0.95,90,0.0,10.0123
1.0,90,0.0,9.7505
1.05,90,0.345,9.4878
1.1,90,0.848,9.2151
1.15,90,1.377,8.9325
1.2,90,1.343,8.9495
1.25,90,1.745,8.7368
1.3,90,2.163,8.5191
1.35,90,2.597,8.2964
1.4,90,3.049,8.0689
1.45,90,3.52,7.8365
1.5,90,4.013,7.5994
1.55,90,4.396,7.4193
1.6,90,4.793,7.237
1.65,90,5.203,7.0525
1.7,90,5.629,6.8657
1.75,90,6.07,6.6767
1.8,90,6.529,6.4854
1.85,90,7.007,6.292
1.9,90,7.505,6.0963
1.95,90,8.026,5.8984
2.0,90,8.571,5.6983
2.05,90,9.034,5.5333
2.1,90,9.515,5.3672
2.15,90,10.015,5.2001
2.2,90,10.537,5.0318
2.25,90,11.082,4.8624
2.3,90,11.652,4.6919
2.35,90,12.249,4.5203
2.4,90,12.877,4.3475
2.45,90,13.539,4.1735
2.5,90,14.239,3.9983
2.55,90,14.854,3.8519
2.6,90,15.503,3.7045
2.65,90,16.187,3.5561
2.7,90,16.912,3.4066
2.75,90,17.683,3.2559
2.8,90,18.505,3.1041
2.85,90,19.385,2.951
2.9,90,20.332,2.7965
2.95,90,21.356,2.6404
3.0,90,22.472,2.4827
3.05,90,23.695,2.323
3.1,90,25.048,2.1612
3.15,90,26.561,1.9967
3.2,90,28.275,1.8291
3.25,90,0.0,0.0
3.3,90,29.921,1.6822
3.35,90,31.718,1.5405
3.4,90,33.799,1.3948
3.45,90,36.267,1.2441
3.5,90,42.492,0.9409
3.55,90,47.627,0.765
3.6,90,52.646,0.628
3.65,90,57.552,0.5202
3.7,90,57.552,0.5202
3.75,90,57.552,0.5202
3.8,90,57.552,0.5202
3.85,90,57.552,0.5202
3.9,90,57.552,0.5202
3.95,90,57.552,0.5202
4.0,90,57.552,0.5202
0.1,95,0.0,12.8258
0.15,95,0.0,12.8258
0.2,95,0.0,12.8258
0.25,95,0.0,12.8258
0.3,95,0.0,13.258
0.35,95,0.0,12.9355
0.4,95,0.0,12.5623
0.45,95,0.0,12.2538
0.5,95,0.0,11.9291
0.55,95,0.0,11.5882
0.6,95,0.0,11.2306
0.65,95,0.0,10.9772
0.7,95,0.0,10.7123
0.75,95,0.0,10.4355
0.8,95,0.0,10.1469
0.85,95,0.0,9.9325
0.9,95,0.0,9.7396
0.95,95,0.0,9.5376
1.0,95,0.0,9.3263
1.05,95,0.0,9.1059
1.1,95,0.0,8.8764
1.15,95,0.0,8.6377
1.2,95,0.0,8.6502
1.25,95,0.151,8.4698
1.3,95,0.545,8.2849
1.35,95,0.953,8.0954
1.4,95,1.375,7.9013
1.45,95,1.813,7.7028
1.5,95,2.269,7.4997
1.55,95,2.623,7.3447
1.6,95,2.987,7.1876
1.65,95,3.363,7.0284
1.7,95,3.751,6.867
1.75,95,4.151,6.7036
1.8,95,4.565,6.538
1.85,95,4.994,6.3703
1.9,95,5.439,6.2005
1.95,95,5.901,6.0286
2.0,95,6.381,5.8546
2.05,95,6.789,5.7102
2.1,95,7.21,5.5648
2.15,95,7.646,5.4183
2.2,95,8.097,5.2707
2.25,95,8.564,5.1221
2.3,95,9.049,4.9724
2.35,95,9.553,4.8216
2.4,95,10.079,4.6697
2.45,95,10.627,4.5167
2.5,95,11.2,4.3625
2.55,95,11.698,4.2339
2.6,95,12.217,4.1044
2.65,95,12.759,3.9739
2.7,95,13.326,3.8425
2.75,95,13.921,3.7102
2.8,95,14.545,3.5769
2.85,95,15.202,3.4426
2.9,95,15.896,3.3073
2.95,95,16.631,3.1708
3.0,95,17.412,3.0332
3.05,95,18.244,2.8943
3.1,95,19.136,2.7542
3.15,95,20.095,2.6125
3.2,95,21.133,2.4693
3.25,95,0.0,0.0
3.3,95,22.073,2.3451
3.35,95,23.049,2.2265
3.4,95,24.105,2.1065
3.45,95,25.256,1.9849
3.5,95,26.519,1.8614
3.55,95,27.918,1.7359
3.6,95,29.483,1.6079
3.65,95,31.26,1.4768
3.7,95,33.31,1.342
3.75,95,35.73,1.2024
3.8,95,38.679,1.0563
3.85,95,44.91,0.8115
3.9,95,49.565,0.6759
3.95,95,54.122,0.5673
4.0,95,58.581,0.4795
0.1,100,0.0,11.5678
0.15,100,0.0,11.5678
0.2,100,0.0,11.5678
0.25,100,0.0,11.5678
0.3,100,0.0,12.043
0.35,100,0.0,11.7858
0.4,100,0.0,11.4846
0.45,100,0.0,11.2275
0.5,100,0.0,10.9563
0.55,100,0.0,10.6705
0.6,100,0.0,10.3698
0.65,100,0.0,10.1589
0.7,100,0.0,9.9404
0.75,100,0.0,9.7457
0.8,100,0.0,9.5421
0.85,100,0.0,9.3905
0.9,100,0.0,9.2308
0.95,100,0.0,9.0628
1.0,100,0.0,8.8866
1.05,100,0.0,8.7021
1.1,100,0.0,8.5092
1.15,100,0.0,8.3081
1.2,100,0.0,8.3168
1.25,100,0.0,8.164
1.3,100,0.0,8.0071
1.35,100,0.0,7.8461
1.4,100,0.0,7.6809
1.45,100,0.156,7.5115
1.5,100,0.584,7.3379
1.55,100,0.916,7.2047
1.6,100,1.257,7.0695
1.65,100,1.607,6.9323
1.7,100,1.967,6.7932
1.75,100,2.337,6.6521
1.8,100,2.718,6.509
1.85,100,3.11,6.3639
1.9,100,3.516,6.2169
1.95,100,3.934,6.0678
2.0,100,4.367,5.9168
2.05,100,4.736,5.7908
2.1,100,5.115,5.6636
2.15,100,5.504,5.5355
2.2,100,5.905,5.4064
2.25,100,6.318,5.2763
2.3,100,6.745,5.1451
2.35,100,7.185,5.0129
2.4,100,7.641,4.8796
2.45,100,8.114,4.7453
2.5,100,8.604,4.61
2.55,100,9.025,4.4971
2.6,100,9.462,4.3834
2.65,100,9.914,4.2689
2.7,100,10.383,4.1536
2.75,100,10.871,4.0374
2.8,100,11.378,3.9203
2.85,100,11.906,3.8024
2.9,100,12.457,3.6835
2.95,100,13.034,3.5637
3.0,100,13.639,3.443
3.05,100,14.274,3.3213
3.1,100,14.942,3.1985
3.15,100,15.648,3.0747
3.2,100,16.396,2.9497
3.25,100,0.0,0.0
3.3,100,17.054,2.8418
3.35,100,17.726,2.7389
3.4,100,18.435,2.6351
3.45,100,19.186,2.5304
3.5,100,19.984,2.4246
3.55,100,20.835,2.3178
3.6,100,21.746,2.2098
3.65,100,22.727,2.1006
3.7,100,23.788,1.9899
3.75,100,24.943,1.8776
3.8,100,26.209,1.7635
3.85,100,27.61,1.6473
3.9,100,29.177,1.5287
3.95,100,30.953,1.4071
4.0,100,32.998,1.2818
0.1,105,0.0,10.4537
0.15,105,0.0,10.4537
0.2,105,0.0,10.4537
0.25,105,0.0,10.4537
0.3,105,0.0,10.4537
0.35,105,0.0,10.7371
0.4,105,0.0,10.4941
0.45,105,0.0,10.2794
0.5,105,0.0,10.0522
0.55,105,0.0,9.835
0.6,105,0.0,9.6223
0.65,105,0.0,9.4747
0.7,105,0.0,9.3194
0.75,105,0.0,9.1562
0.8,105,0.0,8.9852
0.85,105,0.0,8.8605
0.9,105,0.0,8.7285
0.95,105,0.0,8.5892
1.0,105,0.0,8.4425
1.05,105,0.0,8.2884
1.1,105,0.0,8.1267
1.15,105,0.0,7.9575
1.2,105,0.0,7.9629
1.25,105,0.0,7.8337
1.3,105,0.0,7.7008
1.35,105,0.0,7.5641
1.4,105,0.0,7.4236
1.45,105,0.0,7.2793
1.5,105,0.0,7.1313
1.55,105,0.0,7.0168
1.6,105,0.0,6.9006
1.65,105,0.0,6.7826
1.7,105,0.244,6.6627
1.75,105,0.592,6.5411
1.8,105,0.948,6.4176
1.85,105,1.313,6.2923
1.9,105,1.689,6.1651
1.95,105,2.076,6.0361
2.0,105,2.474,5.9053
2.05,105,2.814,5.7953
2.1,105,3.162,5.6844
2.15,105,3.518,5.5725
2.2,105,3.883,5.4597
2.25,105,4.257,5.3459
2.3,105,4.642,5.2311
2.35,105,5.037,5.1154
2.4,105,5.444,4.9987
2.45,105,5.863,4.881
2.5,105,6.296,4.7623
2.55,105,6.665,4.6634
2.6,105,7.045,4.5638
2.65,105,7.436,4.4634
2.7,105,7.84,4.3623
2.75,105,8.257,4.2604
2.8,105,8.687,4.1576
2.85,105,9.133,4.0541
2.9,105,9.594,3.9498
2.95,105,10.073,3.8446
3.0,105,10.57,3.7386
3.05,105,11.087,3.6317
3.1,105,11.626,3.524
3.15,105,12.188,3.4154
3.2,105,12.777,3.3058
3.25,105,0.0,0.0
3.3,105,13.286,3.2115
3.35,105,13.802,3.1214
3.4,105,14.338,3.0307
3.45,105,14.899,2.9392
3.5,105,15.485,2.847
3.55,105,16.099,2.754
3.6,105,16.745,2.6603
3.65,105,17.424,2.5657
3.7,105,18.142,2.4702
3.75,105,18.901,2.3737
3.8,105,19.708,2.2763
3.85,105,20.569,2.1778
3.9,105,21.49,2.0781
3.95,105,22.482,1.9771
4.0,105,23.554,1.8747
0.1,110,0.0,9.5409
0.15,110,0.0,9.5409
0.2,110,0.0,9.5409
0.25,110,0.0,9.5409
0.3,110,0.0,9.5409
0.35,110,0.0,9.8079
0.4,110,0.0,9.6437
0.45,110,0.0,9.4928
0.5,110,0.0,9.3326
0.55,110,0.0,9.1629
0.6,110,0.0,8.9835
0.65,110,0.0,8.8605
0.7,110,0.0,8.7307
0.75,110,0.0,8.5941
0.8,110,0.0,8.4504
0.85,110,0.0,8.3481
0.9,110,0.0,8.2395
0.95,110,0.0,8.1242
1.0,110,0.0,8.0024
1.05,110,0.0,7.8739
1.1,110,0.0,7.7387
1.15,110,0.0,7.5967
1.2,110,0.0,7.5991
1.25,110,0.0,7.49
1.3,110,0.0,7.3775
1.35,110,0.0,7.2617
1.4,110,0.0,7.1424
1.45,110,0.0,7.0196
1.5,110,0.0,6.8935
1.55,110,0.0,6.7952
1.6,110,0.0,6.6954
1.65,110,0.0,6.5939
1.7,110,0.0,6.4907
1.75,110,0.0,6.3859
1.8,110,0.0,6.2795
1.85,110,0.0,6.1713
1.9,110,0.0,6.0615
1.95,110,0.29,5.95
2.0,110,0.662,5.8367
2.05,110,0.981,5.7409
2.1,110,1.306,5.6442
2.15,110,1.637,5.5466
2.2,110,1.976,5.4481
2.25,110,2.322,5.3487
2.3,110,2.676,5.2484
2.35,110,3.039,5.1472
2.4,110,3.41,5.0451
2.45,110,3.791,4.942
2.5,110,4.183,4.8381
2.55,110,4.514,4.7516
2.6,110,4.854,4.6644
2.65,110,5.203,4.5766
2.7,110,5.56,4.488
2.75,110,5.928,4.3987
2.8,110,6.305,4.3086
2.85,110,6.694,4.2179
2.9,110,7.094,4.1263
2.95,110,7.507,4.0341
3.0,110,7.933,3.941
3.05,110,8.373,3.8472
3.1,110,8.829,3.7526
3.15,110,9.3,3.6573
3.2,110,9.79,3.5611
3.25,110,0.0,0.0
3.3,110,10.209,3.4786
3.35,110,10.63,3.3996
3.4,110,11.065,3.32
3.45,110,11.515,3.2398
3.5,110,11.982,3.159
3.55,110,12.466,3.0776
3.6,110,12.97,2.9956
3.65,110,13.493,2.9128
3.7,110,14.038,2.8294
3.75,110,14.608,2.7453
3.8,110,15.203,2.6605
3.85,110,15.827,2.5749
3.9,110,16.483,2.4885
3.95,110,17.173,2.4013
4.0,110,17.902,2.3132
0.1,115,0.0,8.7965
0.15,115,0.0,8.7965
0.2,115,0.0,8.7965
0.25,115,0.0,8.7965
0.3,115,0.0,8.7965
0.35,115,0.0,8.7965
0.4,115,0.0,8.9421
0.45,115,0.0,8.8157
0.5,115,0.0,8.6812
0.55,115,0.0,8.5382
0.6,115,0.0,8.3868
0.65,115,0.0,8.2844
0.7,115,0.0,8.176
0.75,115,0.0,8.0615
0.8,115,0.0,7.9409
0.85,115,0.0,7.8574
0.9,115,0.0,7.7682
0.95,115,0.0,7.6732
1.0,115,0.0,7.5723
1.05,115,0.0,7.4654
1.1,115,0.0,7.3525
1.15,115,0.0,7.2336
1.2,115,0.0,7.2336
1.25,115,0.0,7.1415
1.3,115,0.0,7.0465
1.35,115,0.0,6.9483
1.4,115,0.0,6.8471
1.45,115,0.0,6.7428
1.5,115,0.0,6.6354
1.55,115,0.0,6.5512
1.6,115,0.0,6.4654
1.65,115,0.0,6.3782
1.7,115,0.0,6.2894
1.75,115,0.0,6.1992
1.8,115,0.0,6.1075
1.85,115,0.0,6.0142
1.9,115,0.0,5.9194
1.95,115,0.0,5.823
2.0,115,0.0,5.7251
2.05,115,0.0,5.6416
2.1,115,0.0,5.5573
2.15,115,0.0,5.4722
2.2,115,0.147,5.3863
2.25,115,0.472,5.2995
2.3,115,0.804,5.2119
2.35,115,1.143,5.1235
2.4,115,1.488,5.0342
2.45,115,1.841,4.944
2.5,115,2.203,4.8531
2.55,115,2.507,4.7775
2.6,115,2.817,4.7013
2.65,115,3.135,4.6244
2.7,115,3.459,4.5469
2.75,115,3.791,4.4687
2.8,115,4.131,4.3899
2.85,115,4.479,4.3103
2.9,115,4.836,4.2301
2.95,115,5.203,4.1493
3.0,115,5.579,4.0677
3.05,115,5.966,3.9854
3.1,115,6.364,3.9024
3.15,115,6.774,3.8186
3.2,115,7.197,3.7342
3.25,115,0.0,0.0
3.3,115,7.556,3.6622
3.35,115,7.915,3.5929
3.4,115,8.285,3.523
3.45,115,8.665,3.4526
3.5,115,9.056,3.3817
3.55,115,9.459,3.3103
3.6,115,9.875,3.2383
3.65,115,10.304,3.1658
3.7,115,10.748,3.0926
3.75,115,11.207,3.0189
3.8,115,11.682,2.9446
3.85,115,12.176,2.8697
3.9,115,12.688,2.7942
3.95,115,13.222,2.718
4.0,115,13.778,2.6411
0.1,120,0.0,8.1293
0.15,120,0.0,8.1293
0.2,120,0.0,8.1293
0.25,120,0.0,8.1293
0.3,120,0.0,8.1293
0.35,120,0.0,8.1293
0.4,120,0.0,8.2987
0.45,120,0.0,8.1927
0.5,120,0.0,8.0796
0.55,120,0.0,7.9592
0.6,120,0.0,7.8312
0.65,120,0.0,7.746
0.7,120,0.0,7.6555
0.75,120,0.0,7.5597
0.8,120,0.0,7.4584
0.85,120,0.0,7.3905
0.9,120,0.0,7.3176
0.95,120,0.0,7.2396
1.0,120,0.0,7.1563
1.05,120,0.0,7.0677
1.1,120,0.0,6.9737
1.15,120,0.0,6.8743
1.2,120,0.0,6.8723
1.25,120,0.0,6.7947
1.3,120,0.0,6.7144
1.35,120,0.0,6.6314
1.4,120,0.0,6.5456
1.45,120,0.0,6.457
1.5,120,0.0,6.3657
1.55,120,0.0,6.2934
1.6,120,0.0,6.2198
1.65,120,0.0,6.1448
1.7,120,0.0,6.0685
1.75,120,0.0,5.9908
1.8,120,0.0,5.9118
1.85,120,0.0,5.8314
1.9,120,0.0,5.7496
1.95,120,0.0,5.6664
2.0,120,0.0,5.5817
2.05,120,0.0,5.509
2.1,120,0.0,5.4356
2.15,120,0.0,5.3614
2.2,120,0.0,5.2864
2.25,120,0.0,5.2107
2.3,120,0.0,5.1342
2.35,120,0.0,5.0569
2.4,120,0.0,4.9789
2.45,120,0.0,4.9001
2.5,120,0.312,4.8205
2.55,120,0.596,4.7545
2.6,120,0.885,4.6879
2.65,120,1.18,4.6207
2.7,120,1.48,4.5529
2.75,120,1.786,4.4845
2.8,120,2.098,4.4155
2.85,120,2.417,4.3458
2.9,120,2.742,4.2756
2.95,120,3.075,4.2047
3.0,120,3.416,4.1332
3.05,120,3.765,4.061
3.1,120,4.122,3.9882
3.15,120,4.489,3.9148
3.2,120,4.864,3.8407
3.25,120,0.0,0.0
3.3,120,5.182,3.7778
3.35,120,5.499,3.717
3.4,120,5.823,3.6557
3.45,120,6.155,3.594
3.5,120,6.495,3.5317
3.55,120,6.844,3.469
3.6,120,7.202,3.4058
3.65,120,7.569,3.3422
3.7,120,7.947,3.278
3.75,120,8.335,3.2133
3.8,120,8.734,3.1481
3.85,120,9.146,3.0823
3.9,120,9.57,3.0161
3.95,120,10.009,2.9493
4.0,120,10.462,2.8819
0.1,125,0.0,7.5298
0.15,125,0.0,7.5298
0.2,125,0.0,7.5298
0.25,125,0.0,7.5298
0.3,125,0.0,7.5298
0.35,125,0.0,7.5298
0.4,125,0.0,7.5298
0.45,125,0.0,7.5298
0.5,125,0.0,7.5298
0.55,125,0.0,7.5298
0.6,125,0.0,7.5298
0.65,125,0.0,7.5298
0.7,125,0.0,7.5298
0.75,125,0.0,7.5298
0.8,125,0.0,7.5298
0.85,125,0.0,7.5298
0.9,125,0.0,7.5298
0.95,125,0.0,7.5298
1.0,125,0.0,7.5298
1.05,125,0.0,7.5298
1.1,125,0.0,7.5298
1.15,125,0.0,7.5298
1.2,125,0.0,6.5194
1.25,125,0.0,6.454
1.3,125,0.0,6.3863
1.35,125,0.0,6.3162
1.4,125,0.0,6.2436
1.45,125,0.0,6.1685
1.5,125,0.0,6.0909
1.55,125,0.0,6.0288
1.6,125,0.0,5.9656
1.65,125,0.0,5.9012
1.7,125,0.0,5.8356
1.75,125,0.0,5.7687
1.8,125,0.0,5.7007
1.85,125,0.0,5.6313
1.9,125,0.0,5.5608
1.95,125,0.0,5.4889
2.0,125,0.0,5.4158
2.05,125,0.0,5.3525
2.1,125,0.0,5.2884
2.15,125,0.0,5.2237
2.2,125,0.0,5.1583
2.25,125,0.0,5.0922
2.3,125,0.0,5.0254
2.35,125,0.0,4.958
2.4,125,0.0,4.8897
2.45,125,0.0,4.8208
2.5,125,0.0,4.7512
2.55,125,0.0,4.6936
2.6,125,0.0,4.6354
2.65,125,0.0,4.5767
2.7,125,0.0,4.5174
2.75,125,0.0,4.4576
2.8,125,0.161,4.3972
2.85,125,0.458,4.3362
2.9,125,0.76,4.2747
2.95,125,1.069,4.2126
3.0,125,1.383,4.15
3.05,125,1.704,4.0867
3.1,125,2.032,4.0229
3.15,125,2.367,3.9585
3.2,125,2.709,3.8935
3.25,125,0.0,0.0
3.3,125,2.997,3.8386
3.35,125,3.283,3.7853
3.4,125,3.575,3.7315
3.45,125,3.873,3.6774
3.5,125,4.177,3.6227
3.55,125,4.488,3.5677
3.6,125,4.805,3.5122
3.65,125,5.129,3.4563
3.7,125,5.461,3.4
3.75,125,5.801,3.3432
3.8,125,6.149,3.2859
3.85,125,6.506,3.2281
3.9,125,6.872,3.17
3.95,125,7.248,3.1113
4.0,125,7.634,3.0521
0.1,130,0.0,6.9897
0.15,130,0.0,6.9897
0.2,130,0.0,6.9897
0.25,130,0.0,6.9897
0.3,130,0.0,6.9897
0.35,130,0.0,6.9897
0.4,130,0.0,6.9897
0.45,130,0.0,6.9897
0.5,130,0.0,6.9897
0.55,130,0.0,6.9897
0.6,130,0.0,6.9897
0.65,130,0.0,6.9897
0.7,130,0.0,6.9897
0.75,130,0.0,6.9897
0.8,130,0.0,6.9897
0.85,130,0.0,6.9897
0.9,130,0.0,6.9897
0.95,130,0.0,6.9897
1.0,130,0.0,6.9897
1.05,130,0.0,6.9897
1.1,130,0.0,6.9897
1.15,130,0.0,6.9897
1.2,130,0.0,6.178
1.25,130,0.0,6.1231
1.3,130,0.0,6.066
1.35,130,0.0,6.0068
1.4,130,0.0,5.9454
1.45,130,0.0,5.8818
1.5,130,0.0,5.8159
1.55,130,0.0,5.7627
1.6,130,0.0,5.7084
1.65,130,0.0,5.6531
1.7,130,0.0,5.5967
1.75,130,0.0,5.5391
1.8,130,0.0,5.4805
1.85,130,0.0,5.4207
1.9,130,0.0,5.3598
1.95,130,0.0,5.2978
2.0,130,0.0,5.2346
2.05,130,0.0,5.1794
2.1,130,0.0,5.1236
2.15,130,0.0,5.0671
2.2,130,0.0,5.0101
2.25,130,0.0,4.9524
2.3,130,0.0,4.894
2.35,130,0.0,4.8351
2.4,130,0.0,4.7755
2.45,130,0.0,4.7152
2.5,130,0.0,4.6543
2.55,130,0.0,4.6039
2.6,130,0.0,4.5531
2.65,130,0.0,4.5018
2.7,130,0.0,4.45
2.75,130,0.0,4.3976
2.8,130,0.0,4.3448
2.85,130,0.0,4.2915
2.9,130,0.0,4.2376
2.95,130,0.0,4.1832
3.0,130,0.0,4.1283
3.05,130,0.0,4.0729
3.1,130,0.044,4.0169
3.15,130,0.356,3.9604
3.2,130,0.673,3.9034
3.25,130,0.0,0.0
3.3,130,0.94,3.8556
3.35,130,1.204,3.8088
3.4,130,1.473,3.7617
3.45,130,1.746,3.7142
3.5,130,2.024,3.6663
3.55,130,2.307,3.618
3.6,130,2.595,3.5693
3.65,130,2.889,3.5202
3.7,130,3.188,3.4707
3.75,130,3.493,3.4208
3.8,130,3.805,3.3705
3.85,130,4.123,3.3197
3.9,130,4.448,3.2686
3.95,130,4.781,3.217
4.0,130,5.121,3.165
0.1,135,0.0,6.502
0.15,135,0.0,6.502
0.2,135,0.0,6.502
0.25,135,0.0,6.502
0.3,135,0.0,6.502
0.35,135,0.0,6.502
0.4,135,0.0,6.502
0.45,135,0.0,6.502
0.5,135,0.0,6.502
0.55,135,0.0,6.502
0.6,135,0.0,6.502
0.65,135,0.0,6.502
0.7,135,0.0,6.502
0.75,135,0.0,6.502
0.8,135,0.0,6.502
0.85,135,0.0,6.502
0.9,135,0.0,6.502
0.95,135,0.0,6.502
1.0,135,0.0,6.502
1.05,135,0.0,6.502
1.1,135,0.0,6.502
1.15,135,0.0,6.502
1.2,135,0.0,5.8502
1.25,135,0.0,5.8041
1.3,135,0.0,5.7561
1.35,135,0.0,5.7062
1.4,135,0.0,5.6543
1.45,135,0.0,5.6005
1.5,135,0.0,5.5446
1.55,135,0.0,5.499
1.6,135,0.0,5.4524
1.65,135,0.0,5.4048
1.7,135,0.0,5.3563
1.75,135,0.0,5.3067
1.8,135,0.0,5.2562
1.85,135,0.0,5.2047
1.9,135,0.0,5.1522
1.95,135,0.0,5.0986
2.0,135,0.0,5.044
2.05,135,0.0,4.9959
2.1,135,0.0,4.9472
2.15,135,0.0,4.8979
2.2,135,0.0,4.8481
2.25,135,0.0,4.7977
2.3,135,0.0,4.7467
2.35,135,0.0,4.6952
2.4,135,0.0,4.643
2.45,135,0.0,4.5903
2.5,135,0.0,4.537
2.55,135,0.0,4.493
2.6,135,0.0,4.4486
2.65,135,0.0,4.4038
2.7,135,0.0,4.3584
2.75,135,0.0,4.3127
2.8,135,0.0,4.2664
2.85,135,0.0,4.2198
2.9,135,0.0,4.1726
2.95,135,0.0,4.125
3.0,135,0.0,4.0769
3.05,135,0.0,4.0283
3.1,135,0.0,3.9792
3.15,135,0.0,3.9296
3.2,135,0.0,3.8796
3.25,135,0.0,0.0
3.3,135,0.0,3.838
3.35,135,0.0,3.797
3.4,135,0.0,3.7556
3.45,135,0.0,3.7139
3.5,135,0.0,3.6719
3.55,135,0.245,3.6295
3.6,135,0.512,3.5867
3.65,135,0.783,3.5436
3.7,135,1.059,3.5002
3.75,135,1.34,3.4563
3.8,135,1.625,3.4121
3.85,135,1.916,3.3676
3.9,135,2.211,3.3226
3.95,135,2.513,3.2773
4.0,135,2.82,3.2315
0.1,140,0.0,6.0607
0.15,140,0.0,6.0607
0.2,140,0.0,6.0607
0.25,140,0.0,6.0607
0.3,140,0.0,6.0607
0.35,140,0.0,6.0607
0.4,140,0.0,6.0607
0.45,140,0.0,6.0607
0.5,140,0.0,6.0607
0.55,140,0.0,6.0607
0.6,140,0.0,6.0607
0.65,140,0.0,6.0607
0.7,140,0.0,6.0607
0.75,140,0.0,6.0607
0.8,140,0.0,6.0607
0.85,140,0.0,6.0607
0.9,140,0.0,6.0607
0.95,140,0.0,6.0607
1.0,140,0.0,6.0607
1.05,140,0.0,6.0607
1.1,140,0.0,6.0607
1.15,140,0.0,6.0607
1.2,140,0.0,6.0607
1.25,140,0.0,5.4986
1.3,140,0.0,5.4584
1.35,140,0.0,5.4163
1.4,140,0.0,5.3726
1.45,140,0.0,5.3271
1.5,140,0.0,5.2797
1.55,140,0.0,5.2406
1.6,140,0.0,5.2005
1.65,140,0.0,5.1597
1.7,140,0.0,5.1179
1.75,140,0.0,5.0753
1.8,140,0.0,5.0318
1.85,140,0.0,4.9873
1.9,140,0.0,4.942
1.95,140,0.0,4.8958
2.0,140,0.0,4.8486
2.05,140,0.0,4.8066
2.1,140,0.0,4.7641
2.15,140,0.0,4.721
2.2,140,0.0,4.6775
2.25,140,0.0,4.6334
2.3,140,0.0,4.5889
2.35,140,0.0,4.5438
2.4,140,0.0,4.4982
2.45,140,0.0,4.452
2.5,140,0.0,4.4053
2.55,140,0.0,4.3669
2.6,140,0.0,4.3281
2.65,140,0.0,4.2889
2.7,140,0.0,4.2492
2.75,140,0.0,4.2092
2.8,140,0.0,4.1687
2.85,140,0.0,4.1278
2.9,140,0.0,4.0865
2.95,140,0.0,4.0448
3.0,140,0.0,4.0026
3.05,140,0.0,3.96
3.1,140,0.0,3.917
3.15,140,0.0,3.8735
3.2,140,0.0,3.8296
3.25,140,0.0,0.0
3.3,140,0.0,3.7933
3.35,140,0.0,3.7574
3.4,140,0.0,3.7211
3.45,140,0.0,3.6845
3.5,140,0.0,3.6476
3.55,140,0.0,3.6104
3.6,140,0.0,3.5729
3.65,140,0.0,3.535
3.7,140,0.0,3.4968
3.75,140,0.0,3.4583
3.8,140,0.0,3.4195
3.85,140,0.0,3.3803
3.9,140,0.101,3.3408
3.95,140,0.38,3.3009
4.0,140,0.663,3.2607
0.1,145,0.0,5.6604
0.15,145,0.0,5.6604
0.2,145,0.0,5.6604
0.25,145,0.0,5.6604
0.3,145,0.0,5.6604
0.35,145,0.0,5.6604
0.4,145,0.0,5.6604
0.45,145,0.0,5.6604
0.5,145,0.0,5.6604
0.55,145,0.0,5.6604
0.6,145,0.0,5.6604
0.65,145,0.0,5.6604
0.7,145,0.0,5.6604
0.75,145,0.0,5.6604
0.8,145,0.0,5.6604
0.85,145,0.0,5.6604
0.9,145,0.0,5.6604
0.95,145,0.0,5.6604
1.0,145,0.0,5.6604
1.05,145,0.0,5.6604
1.1,145,0.0,5.6604
1.15,145,0.0,5.6604
1.2,145,0.0,5.6604
1.25,145,0.0,5.6604
1.3,145,0.0,5.1738
1.35,145,0.0,5.1385
1.4,145,0.0,5.1017
1.45,145,0.0,5.0633
1.5,145,0.0,5.0232
1.55,145,0.0,4.9896
1.6,145,0.0,4.9552
1.65,145,0.0,4.9201
1.7,145,0.0,4.8842
1.75,145,0.0,4.8475
1.8,145,0.0,4.81
1.85,145,0.0,4.7717
1.9,145,0.0,4.7325
1.95,145,0.0,4.6926
2.0,145,0.0,4.6518
2.05,145,0.0,4.6151
2.1,145,0.0,4.578
2.15,145,0.0,4.5404
2.2,145,0.0,4.5023
2.25,145,0.0,4.4638
2.3,145,0.0,4.4248
2.35,145,0.0,4.3853
2.4,145,0.0,4.3453
2.45,145,0.0,4.3049
2.5,145,0.0,4.264
2.55,145,0.0,4.2304
2.6,145,0.0,4.1965
2.65,145,0.0,4.1621
2.7,145,0.0,4.1274
2.75,145,0.0,4.0924
2.8,145,0.0,4.0569
2.85,145,0.0,4.0211
2.9,145,0.0,3.9849
2.95,145,0.0,3.9483
3.0,145,0.0,3.9114
3.05,145,0.0,3.874
3.1,145,0.0,3.8362
3.15,145,0.0,3.7981
3.2,145,0.0,3.7595
3.25,145,0.0,0.0
3.3,145,0.0,3.728
3.35,145,0.0,3.6964
3.4,145,0.0,3.6646
3.45,145,0.0,3.6325
3.5,145,0.0,3.6001
3.55,145,0.0,3.5675
3.6,145,0.0,3.5345
3.65,145,0.0,3.5012
3.7,145,0.0,3.4677
3.75,145,0.0,3.4338
3.8,145,0.0,3.3997
3.85,145,0.0,3.3652
3.9,145,0.0,3.3304
3.95,145,0.0,3.2954
4.0,145,0.0,3.26
0.1,150,0.0,5.2965
0.15,150,0.0,5.2965
0.2,150,0.0,5.2965
0.25,150,0.0,5.2965
0.3,150,0.0,5.2965
0.35,150,0.0,5.2965
0.4,150,0.0,5.2965
0.45,150,0.0,5.2965
0.5,150,0.0,5.2965
0.55,150,0.0,5.2965
0.6,150,0.0,5.2965
0.65,150,0.0,5.2965
0.7,150,0.0,5.2965
0.75,150,0.0,5.2965
0.8,150,0.0,5.2965
0.85,150,0.0,5.2965
0.9,150,0.0,5.2965
0.95,150,0.0,5.2965
1.0,150,0.0,5.2965
1.05,150,0.0,5.2965
1.1,150,0.0,5.2965
1.15,150,0.0,5.2965
1.2,150,0.0,5.2965
1.25,150,0.0,5.2965
1.3,150,0.0,5.2965
1.35,150,0.0,5.2965
1.4,150,0.0,4.8426
1.45,150,0.0,4.8102
1.5,150,0.0,4.7764
1.55,150,0.0,4.7476
1.6,150,0.0,4.7181
1.65,150,0.0,4.6879
1.7,150,0.0,4.657
1.75,150,0.0,4.6253
1.8,150,0.0,4.593
1.85,150,0.0,4.56
1.9,150,0.0,4.5262
1.95,150,0.0,4.4917
2.0,150,0.0,4.4564
2.05,150,0.0,4.4244
2.1,150,0.0,4.3919
2.15,150,0.0,4.359
2.2,150,0.0,4.3257
2.25,150,0.0,4.2919
2.3,150,0.0,4.2578
2.35,150,0.0,4.2232
2.4,150,0.0,4.1882
2.45,150,0.0,4.1527
2.5,150,0.0,4.1168
2.55,150,0.0,4.0874
2.6,150,0.0,4.0577
2.65,150,0.0,4.0277
2.7,150,0.0,3.9973
2.75,150,0.0,3.9666
2.8,150,0.0,3.9355
2.85,150,0.0,3.9042
2.9,150,0.0,3.8724
2.95,150,0.0,3.8403
3.0,150,0.0,3.8079
3.05,150,0.0,3.7751
3.1,150,0.0,3.7419
3.15,150,0.0,3.7084
3.2,150,0.0,3.6745
3.25,150,0.0,0.0
3.3,150,0.0,3.6471
3.35,150,0.0,3.6194
3.4,150,0.0,3.5915
3.45,150,0.0,3.5633
3.5,150,0.0,3.5349
3.55,150,0.0,3.5062
3.6,150,0.0,3.4772
3.65,150,0.0,3.448
3.7,150,0.0,3.4185
3.75,150,0.0,3.3887
3.8,150,0.0,3.3587
3.85,150,0.0,3.3283
3.9,150,0.0,3.2978
3.95,150,0.0,3.2669
4.0,150,0.0,3.2358
0.1,155,0.0,4.9652
0.15,155,0.0,4.9652
0.2,155,0.0,4.9652
0.25,155,0.0,4.9652
0.3,155,0.0,4.9652
0.35,155,0.0,4.9652
0.4,155,0.0,4.9652
0.45,155,0.0,4.9652
0.5,155,0.0,4.9652
0.55,155,0.0,4.9652
0.6,155,0.0,4.9652
0.65,155,0.0,4.9652
0.7,155,0.0,4.9652
0.75,155,0.0,4.9652
0.8,155,0.0,4.9652
0.85,155,0.0,4.9652
0.9,155,0.0,4.9652
0.95,155,0.0,4.9652
1.0,155,0.0,4.9652
1.05,155,0.0,4.9652
1.1,155,0.0,4.9652
1.15,155,0.0,4.9652
1.2,155,0.0,4.9652
1.25,155,0.0,4.9652
1.3,155,0.0,4.9652
1.35,155,0.0,4.9652
1.4,155,0.0,4.9652
1.45,155,0.0,4.5687
1.5,155,0.0,4.5402
1.55,155,0.0,4.5155
1.6,155,0.0,4.4901
1.65,155,0.0,4.4641
1.7,155,0.0,4.4375
1.75,155,0.0,4.4103
1.8,155,0.0,4.3825
1.85,155,0.0,4.354
1.9,155,0.0,4.3248
1.95,155,0.0,4.295
2.0,155,0.0,4.2645
2.05,155,0.0,4.2364
2.1,155,0.0,4.208
2.15,155,0.0,4.1792
2.2,155,0.0,4.15
2.25,155,0.0,4.1204
2.3,155,0.0,4.0905
2.35,155,0.0,4.0602
2.4,155,0.0,4.0294
2.45,155,0.0,3.9983
2.5,155,0.0,3.9668
2.55,155,0.0,3.9411
2.6,155,0.0,3.9151
2.65,155,0.0,3.8887
2.7,155,0.0,3.8621
2.75,155,0.0,3.8352
2.8,155,0.0,3.808
2.85,155,0.0,3.7804
2.9,155,0.0,3.7526
2.95,155,0.0,3.7244
3.0,155,0.0,3.6959
3.05,155,0.0,3.6671
3.1,155,0.0,3.638
3.15,155,0.0,3.6085
3.2,155,0.0,3.5788
3.25,155,0.0,0.0
3.3,155,0.0,3.5549
3.35,155,0.0,3.5306
3.4,155,0.0,3.5061
3.45,155,0.0,3.4813
3.5,155,0.0,3.4563
3.55,155,0.0,3.4311
3.6,155,0.0,3.4056
3.65,155,0.0,3.3799
3.7,155,0.0,3.354
3.75,155,0.0,3.3278
3.8,155,0.0,3.3013
3.85,155,0.0,3.2747
3.9,155,0.0,3.2477
3.95,155,0.0,3.2206
4.0,155,0.0,3.1931
0.1,160,0.0,4.6628
0.15,160,0.0,4.6628
0.2,160,0.0,4.6628
0.25,160,0.0,4.6628
0.3,160,0.0,4.6628
0.35,160,0.0,4.6628
0.4,160,0.0,4.6628
0.45,160,0.0,4.6628
0.5,160,0.0,4.6628
0.55,160,0.0,4.6628
0.6,160,0.0,4.6628
0.65,160,0.0,4.6628
0.7,160,0.0,4.6628
0.75,160,0.0,4.6628
0.8,160,0.0,4.6628
0.85,160,0.0,4.6628
0.9,160,0.0,4.6628
0.95,160,0.0,4.6628
1.0,160,0.0,4.6628
1.05,160,0.0,4.6628
1.1,160,0.0,4.6628
1.15,160,0.0,4.6628
1.2,160,0.0,4.6628
1.25,160,0.0,4.6628
1.3,160,0.0,4.6628
1.35,160,0.0,4.6628
1.4,160,0.0,4.6628
1.45,160,0.0,4.6628
1.5,160,0.0,4.6628
1.55,160,0.0,4.6628
1.6,160,0.0,4.6628
1.65,160,0.0,4.6628
1.7,160,0.0,4.6628
1.75,160,0.0,4.6628
1.8,160,0.0,4.6628
1.85,160,0.0,4.6628
1.9,160,0.0,4.6628
1.95,160,0.0,4.6628
2.0,160,0.0,4.6628
2.05,160,0.0,4.6628
2.1,160,0.0,4.6628
2.15,160,0.0,4.6628
2.2,160,0.0,4.6628
2.25,160,0.0,4.6628
2.3,160,0.0,4.6628
2.35,160,0.0,4.6628
2.4,160,0.0,4.6628
2.45,160,0.0,4.6628
2.5,160,0.0,4.6628
2.55,160,0.0,4.6628
2.6,160,0.0,4.6628
2.65,160,0.0,4.6628
2.7,160,0.0,4.6628
2.75,160,0.0,4.6628
2.8,160,0.0,4.6628
2.85,160,0.0,3.6528
2.9,160,0.0,3.6284
2.95,160,0.0,3.6036
3.0,160,0.0,3.5786
3.05,160,0.0,3.5533
3.1,160,0.0,3.5276
3.15,160,0.0,3.5017
3.2,160,0.0,3.4756
3.25,160,0.0,0.0
3.3,160,0.0,3.4548
3.35,160,0.0,4.6628
3.4,160,0.0,4.6628
3.45,160,0.0,4.6628
3.5,160,0.0,4.6628
3.55,160,0.0,4.6628
3.6,160,0.0,4.6628
3.65,160,0.0,4.6628
3.7,160,0.0,4.6628
3.75,160,0.0,4.6628
3.8,160,0.0,4.6628
3.85,160,0.0,4.6628
3.9,160,0.0,4.6628
3.95,160,0.0,4.6628
4.0,160,0.0,4.6628
